Id,TARGET_5Yrs
1,0.8
8194,0.32
3,0.22
8196,0.57
8197,0.19
6,0.69
8198,0.79
8202,0.31
14,0.26
8207,0.8
17,0.05
8214,0.39
25,0.7
8217,0.04
8219,0.76
8220,0.42
8228,0.75
38,0.32
39,0.59
8230,0.32
8237,0.16
46,0.19
47,0.66
48,0.94
8239,0.16
50,0.84
51,0.07
8244,0.14
8245,0.64
54,0.18
8250,0.88
60,0.65
62,0.21
63,0.19
8255,0.93
8256,0.48
68,0.4
69,0.05
8261,0.55
8265,0.74
75,0.49
77,0.06
8269,0.61
8273,0.83
84,0.52
8279,0.04
8284,0.18
93,0.1
8288,0.21
98,0
101,0.7
104,0.14
8297,0
8305,0.25
120,0.89
8317,0.17
8318,0.12
8326,0.11
8328,0.93
137,0.51
138,0.74
139,0.81
8329,0.06
141,0.99
8340,0.38
8343,0.49
152,0.99
156,0.05
157,0.93
8349,0.08
161,0.18
8355,0.44
8357,0.91
167,0.82
8359,0.95
8361,0.39
8362,0.21
8367,0.55
176,0.51
177,0.21
8370,0.28
181,0.87
183,0.18
184,0.3
8376,0.89
8377,0.8
8380,0.38
189,0.91
191,0.44
194,0.47
8387,0.77
8388,0.31
197,0.83
8389,0.01
8392,0.21
202,0.27
8395,0.76
8397,0.17
206,0.78
8400,0.43
210,0.82
213,0.97
8407,0.15
216,0.8
8410,0.21
8411,0.42
221,0.9
8415,0.29
8418,0.71
227,0.94
8419,0.77
229,0.43
8422,0.57
232,0.14
233,0.63
235,0.67
8427,0.77
8429,0.59
243,0.46
8435,0.22
246,0.48
247,0.43
8439,0.98
252,0.1
253,0.42
8447,0.22
256,0.14
8448,0.43
261,0.01
263,0.84
8455,0.66
8456,0.92
8457,0.45
8458,0.03
269,0.19
271,0.3
8463,0.22
8467,0.98
276,0.91
277,0.32
8468,0.3
8469,0.12
8470,0.64
8472,0.5
282,0.65
8475,0.87
284,0.62
285,0.88
286,0.07
8477,0.96
8479,0.78
289,0.12
290,0.08
8485,0.45
8487,0.59
8488,0.48
301,0.31
8493,0.11
8494,0.69
307,0.78
308,0.99
313,0.88
314,0.72
315,0.49
316,0.26
317,0
8510,0.77
8517,0.45
326,0.76
8518,0.91
8519,0.11
8521,0.84
333,0.14
334,0.4
8525,0.82
8530,0.08
8531,0.7
8532,0.49
8533,0
350,0.8
8542,0.96
354,0.29
8547,0.45
358,0.29
8551,0.02
8552,0.52
361,0.3
364,0.65
8556,1
8558,0.41
8560,0.64
8563,0.28
373,0.19
374,0.28
375,0.93
8565,0.62
8567,0.16
8568,0.41
379,0.31
8572,0.62
8576,0.29
8577,0.52
387,0.96
8583,0.3
395,0.82
400,0.6
8592,0.43
402,0.99
8593,0.72
8594,0.27
406,0.26
8598,0.32
8601,0.69
8603,0.86
8604,0.31
416,0.33
8608,0.21
418,0.98
8613,0.3
424,0.85
8618,0.58
427,0.17
429,0.04
430,0.89
8622,0.58
8624,0.06
433,0.22
434,0.82
8625,0.77
436,0.64
437,0.5
8629,0.97
439,0.58
8633,0.95
8638,0.4
449,0.77
450,0.37
451,0.64
8642,0.28
453,0.55
457,0.97
463,0.26
465,0.03
8657,0.3
8659,0.17
468,0.83
8660,0.74
470,0
8661,0.16
8663,0.37
8667,0.96
476,0.28
477,0.07
478,0.31
479,0.68
8669,0.18
481,0.92
482,0.59
483,0.12
8671,0.89
8678,0.21
490,0.52
8682,0.05
493,0.22
8686,0.96
499,0.83
500,0.2
501,0.21
8693,0.32
8694,0.84
505,0.77
8700,0.39
8707,0.63
8708,0.21
8712,0.21
521,0.95
8714,0.33
8715,0.66
8718,0.1
528,0.84
529,0.72
530,0.87
8721,0.01
532,0.17
8722,0.89
538,0.48
540,0.08
541,0.41
8737,0.78
548,0.8
550,0.15
8742,0.89
552,0.16
8746,0.91
555,0.46
556,0.16
8749,0.37
558,0.18
8754,0.41
8756,0.99
565,0.19
8760,0.68
8761,0.37
571,0.74
8763,0.34
8768,0.17
579,0.79
8772,0.77
8775,0.84
584,0.97
586,0.04
8778,0.09
8783,0.36
595,0.05
8787,0.56
8789,0.46
8790,0.56
8792,0.28
605,0
608,0.98
8800,0.56
8801,0.65
611,0.36
8802,0.81
613,0.85
8806,0.69
616,0.43
8809,0.34
8810,0.57
8815,0.4
8819,0.11
8822,0.88
631,0.06
8823,0.17
633,0.85
8825,0.26
8826,0.2
636,0.78
8829,0.72
638,0.72
639,0.13
8830,0.31
8831,0.55
8832,1
8835,0.59
644,0.5
645,0.94
8837,0.26
647,0.4
649,0.41
8842,0.08
651,0.61
8844,0.6
653,0.35
654,0.62
8845,0.25
8851,0.84
8854,0.56
8856,0.08
665,0.61
666,0.93
8858,0.36
668,0.97
8859,0.82
670,0.78
8861,0.9
8862,0.65
8864,0.69
674,0.52
675,0.57
8865,0.99
677,0.7
678,0.57
679,0.4
8866,0.18
8868,0.48
682,0.81
8870,0.76
684,0.52
685,0.06
8872,0.15
687,0.4
8874,0.98
689,0.1
8877,0.94
8883,0.95
693,0.15
694,0.64
696,0.56
8891,0.59
8893,0
8897,0.36
710,0.6
8904,0.43
714,0.06
715,0.27
8907,0.27
719,0.33
8912,0.79
8913,0.91
724,0.09
8916,0.81
8923,0.23
8926,0.53
735,0.76
8929,0.49
8930,0.44
740,0.8
742,0.5
743,0.99
8934,0.8
8938,0.9
8939,0.14
752,0.74
753,0.25
8944,0.13
8947,0.16
8949,0.51
8951,0.04
8959,0.82
769,0.41
8962,0.21
8966,0.92
8969,0.41
8973,0.07
789,0.21
792,0.66
793,0.91
794,0.61
8988,0.48
8991,0.36
800,0.74
8993,0.6
8994,0.73
804,0.02
805,0.02
8997,0.61
8999,0.57
811,0.99
9004,0.92
9006,0.69
817,0.88
822,0.36
825,0.85
9017,0.49
9021,0.56
830,0.16
832,0.35
833,0.35
838,1
846,0.02
9039,0.63
9040,0
9041,0.15
852,0.62
853,0.7
9048,0.9
9049,0.95
9056,0.82
865,0.82
866,0.15
9057,0.96
9061,0.6
872,0.64
873,0.19
874,0.1
875,0.16
9069,0.96
878,0.35
9070,0.9
885,0.58
9077,0.97
888,0.96
891,0.5
892,0.36
893,0.21
894,0.36
9083,0.3
896,0.15
9087,0.57
898,0.68
9088,0.21
9090,0.75
903,0.8
9095,0.05
9102,0
911,0.9
912,0.69
9103,0.11
914,0.73
9106,0.09
9107,0.01
917,0.77
918,0.32
920,0.68
9113,0.39
9114,0.22
923,0.15
9123,0.93
933,0.65
934,0.99
9126,0.43
9128,0.71
937,0.89
9133,0.81
945,0.38
9137,0.69
947,0.51
948,0.5
949,0.95
9144,1
953,0.31
9146,0.25
955,0.06
9148,0.58
959,0.07
960,0.1
961,0.02
9154,0.41
964,0.12
9157,0.17
9158,0.5
968,0.7
9160,0.87
971,0.5
972,0.74
973,0.43
9163,0.8
9167,0.51
976,0.28
980,0.86
982,0.01
9175,0.55
9176,0.04
986,0.3
987,0.78
9181,0.68
9186,0.9
997,0.01
9189,0.72
999,0.53
1001,0.44
9193,0.65
9194,0.17
9195,0.77
9198,0.5
9199,0.98
9201,0.2
1010,0.16
9204,0.7
9207,0.34
9213,0.23
1023,0.42
9218,0.03
1027,0.42
9220,0.53
9222,0.54
1031,0.57
1037,0.39
1038,0.25
1039,0.93
9233,0.09
1047,0.52
1049,0.98
9241,0.59
1053,0.72
9245,0.18
1055,0.44
9248,0.94
9251,0.55
1061,0.61
1064,0.57
9256,0.85
9262,0.4
1072,0.3
1073,0.04
9266,0.67
1075,0.74
1082,0.17
1086,0.33
1087,0.19
1089,0.02
9282,0.97
1091,0.43
1092,0.72
9283,0.48
1094,0.82
1095,0.32
9284,0.44
9285,0.1
1100,0.25
9292,0.18
9293,0.35
1104,0.23
9296,0.28
9300,0.37
1109,0.23
9302,1
1112,0.84
9304,0.89
1117,0.1
9309,0.28
9310,0.01
9314,0.6
1123,0.36
1125,0.68
9317,0.47
1131,0.98
1132,0.65
9324,0.29
1134,0.19
9330,0.67
9331,0.01
9332,0.45
1146,0.35
9340,0.27
1150,0.16
1151,0.82
9346,0.64
1156,0.87
9348,0.08
9350,0.94
9351,0.91
9353,0.03
9354,0.65
9355,0.6
9356,0.5
1165,0.67
9359,0.73
9360,0.75
1170,0.81
1172,0.11
1173,0.99
1174,0.37
1175,0.77
9365,0.62
1180,0.86
9373,0.35
9374,0.59
1184,0.23
1185,0.83
1189,0.56
1192,0.96
1193,0.85
1194,0.26
1195,0.5
9384,0.09
9385,0.94
9387,0.15
9392,0.97
9394,0.2
9395,0.97
1205,0.45
1207,0.82
9401,0.44
1211,0.16
1212,0.26
9403,0.69
9405,0.02
1215,0.1
1216,0.82
9419,0.08
9420,0.17
1229,0.57
1230,0.82
9421,0.46
9423,0.02
1233,0.18
9425,0.04
9433,0.28
1243,0.7
1246,0.6
1249,0.77
1253,0.62
9445,0.66
9446,0.71
9447,0.91
9448,0.77
1262,0.86
1264,0.02
9458,0.66
9461,0.84
1270,0.9
9462,0.02
9463,0.62
1278,0.38
1280,0.4
9472,0.56
1288,0.56
1289,0.59
9480,0.61
1291,0.48
9481,0.81
9483,0.33
9485,0.53
1295,0.96
1296,0.86
9487,0.76
1298,0.98
9490,0.24
9492,0.83
1301,0.4
9493,0.03
1303,0.2
1307,0.17
9503,0.98
1312,0.06
1314,0.44
1317,0.6
9509,0.52
1319,0.18
1320,0.03
1321,1
9511,0.25
9512,0.18
9513,0.61
9514,0.01
9516,0.72
9517,0.77
1328,0.67
9519,0.22
1331,0.29
1335,0.76
9527,0.7
1339,0.44
1341,0.22
9533,0.57
9538,0.72
9540,0.01
9542,0.89
9543,0.55
1352,0.52
9545,0.95
1356,0.91
1357,0.05
9551,0.19
1361,0.08
1362,0.74
9555,0.01
9556,0.42
9561,0.69
9564,0.34
9565,0.14
9567,0.22
9568,0.9
9569,0.48
1379,0.71
1380,0.89
1382,0.71
1383,0.16
9577,0.76
1386,0.33
1387,0.45
1392,0.91
1395,0.47
9588,0.82
9590,0.5
1401,0.75
9596,0.06
1405,0.72
1409,0.87
9601,0.49
1412,0.18
9605,0.36
1414,0.76
1417,0.75
9609,0.71
1421,0.51
9613,0.43
1424,0.66
1425,0.19
9617,0.06
1427,0.11
1428,0.5
9620,0.1
1430,0.06
1431,0.73
9621,0.82
9623,0.11
9624,0.44
1435,0.02
9629,0.62
9631,0.57
9632,0.59
9634,0.26
9635,0.34
1446,0.67
9641,0.51
1451,0.77
9644,0.14
1456,0.56
1457,0.2
1459,0.59
9656,0.83
9663,0.71
9664,0.07
1474,0.41
1478,0.18
1479,0.08
9672,0.59
1482,0.73
1487,0.23
9679,1
9683,0.07
1493,0
9686,0.97
1495,0.26
9687,0.91
9690,0.28
1499,0.63
1503,0.16
1504,0.05
9697,0.85
9700,0.69
1510,0.78
9702,0.84
9706,0.1
9707,0.68
1516,0.32
9709,0.7
1519,0.24
1525,0.86
9724,0.1
9726,0.76
1535,0.06
1538,0.11
9732,0.52
9733,0.37
9738,0.47
1548,0.28
1551,0.01
9744,0.42
1554,0.21
1556,0.03
9748,0.97
9750,0.51
1559,0.71
1561,0.2
1564,0.51
9756,0.38
1567,0.75
1569,0.77
9761,0.47
9763,1
9764,0.7
9768,0.39
9769,0.9
1578,0.19
1580,0.07
1581,0.55
1582,0.56
9772,0.76
1586,0.6
9785,0.78
9786,0.44
1595,0.75
1597,0.95
1598,0.58
9789,0.69
1600,0.17
1601,0.42
1602,0.97
9795,0.72
9800,0.14
9802,0.42
1611,0.84
9803,0.83
9805,0.81
1614,0.26
9807,0.52
9808,0.29
1617,0.24
1618,0.51
9810,0.35
1624,0.81
9818,0.71
9821,0.51
9822,0.83
1631,0.77
9824,0.1
9827,0.95
1638,0.46
9832,0.33
1641,0.43
9834,0.24
1643,0.15
9835,0.44
1646,0.28
9838,0.59
9840,0.44
9841,0.86
9843,0.53
1652,0.59
9847,0.66
9852,0.41
1663,0.75
1666,1
9860,0.07
9861,0.48
9868,0.72
1677,0.21
1680,0.41
9873,0.52
1683,0.31
9876,0.88
9877,0.95
1693,0.69
9887,0.31
1700,0.82
1701,0.07
1702,0.38
1706,0.75
1708,0.78
9904,0.15
1713,0.36
9905,0.49
9907,0.81
1718,0.45
1721,0.71
1722,0.24
9913,0.68
9916,0.6
1725,0.25
9918,0.39
9924,0.53
1733,0.84
9927,0.73
9928,0.13
1737,0.8
9930,0.95
9932,0.25
1741,0.1
9933,0.1
9935,0.15
1749,0.62
1751,0.32
9943,0.99
9945,0.43
1754,0.09
9947,0.83
1759,0.69
1762,0.99
1767,0.97
9959,0.37
9961,0.18
9967,0.48
1776,0.24
1777,0.59
1778,0.17
9969,0.53
1780,0.07
9973,0.84
1786,0.68
1792,0.52
9984,0.93
9985,0.84
9986,0.62
1797,0.75
1798,0.28
9989,0.27
9992,0.28
1801,0.65
9997,0.18
10000,0.75
1809,0.7
1814,0.1
10008,0.63
1819,0.75
10011,0.09
10013,0.98
1823,0.21
10018,0.74
1827,0.66
1829,0.23
1830,0.07
1831,0.14
10025,0.67
10029,0.96
1839,0
10032,0.72
10033,0.95
10034,0.16
10037,0.28
10038,0.64
1848,0.14
1851,0.28
1852,0.14
10045,0.13
10046,0.66
10047,0.49
1857,0.77
10050,0.1
10051,0.47
1860,0.37
10052,0.17
1862,0.19
1863,0.87
1864,0.38
1865,0.63
10056,0.2
10057,0.3
10059,0.9
1870,1
10062,0.38
10064,0.46
1874,0.82
10066,0.27
10069,0.14
1885,0.7
1886,0.49
10077,0.14
10078,0.74
10079,0.92
10082,0.1
1891,0.26
10083,0.9
10084,0.11
1894,0.2
1895,0.63
10087,0
1898,0.66
1899,0.63
10092,0.36
10093,0.49
1902,0.54
1903,0.8
1904,0.12
10097,0.11
1907,0.6
10103,0.9
1912,0.78
1915,0.39
10107,0.29
1917,0.21
1918,0.2
1919,0.69
10110,0.69
1921,0.89
10112,0.2
1923,0.68
10114,0.15
1928,0.2
10126,0.41
10131,0.07
1941,0.14
10133,0.2
1943,0.28
1944,0.34
1945,0.3
10135,0.97
10136,0.85
10137,0.48
1949,0.89
10140,0.48
1951,0.07
10141,0.82
10142,0.81
10143,0.69
10148,0.05
10151,0.72
10157,0.48
1966,0.11
1968,0.44
10162,0.59
1972,0.57
1973,0.39
1985,0.92
10177,0.23
1987,0.44
10178,0.68
1989,0.74
10182,0.58
1991,0.7
1992,0.06
10185,0.91
10187,0.32
1997,0.46
1998,0.47
1999,0.81
10190,0.31
10193,0.64
10197,0.74
10198,0.56
10200,0.78
2009,0.49
10202,0.69
2011,0.69
10205,0.39
2016,0.87
2017,0.94
2018,0.43
10209,0.39
2020,0.25
10214,0.46
10215,0.29
10216,0.12
2026,0.21
10220,0.22
10223,0.24
10225,0.1
10227,0.6
2039,0.65
10236,0.06
2048,0.11
10243,0.58
10247,0.79
10249,0.35
10251,0.38
2061,0.74
10254,0.85
10255,0.29
10258,0.43
2067,0.17
10259,0.28
2069,0.13
2070,0.02
10260,0.06
2073,0.13
10266,0.36
2084,0.56
10278,0.23
2088,0.83
10281,0.39
10282,0.45
2092,0.39
2093,0.95
10286,0.96
2096,0.35
10291,0.28
2101,0.7
10295,0.36
10296,0.71
10297,0.77
2106,0.99
10298,0.8
10306,0.62
2116,0.89
10309,0.62
2118,0.85
2122,0.5
10317,0.42
2126,0.93
2127,0.31
10323,0.6
2132,0.46
2134,0.1
2136,0.05
10329,0.42
2138,0.88
2139,0.6
10331,0.89
2141,0.94
10336,0.97
2145,1
2146,0.06
10340,0.92
10342,0.87
10344,1
10345,0
10348,0.76
10350,0.23
10352,0.11
10354,0.88
10355,0.32
10358,0.82
2167,0.79
10359,0.27
2170,0.48
10365,0.16
2175,0.82
10369,0.04
2180,0.95
2183,0.32
10375,0.61
10376,0.94
10382,0.68
10385,0.09
10387,0.85
10392,0.79
2201,0.39
2202,0.21
10394,0.36
10395,0.9
2205,0.61
2206,0.36
10397,0.94
10398,0.28
10401,0.03
10402,0.78
2211,0.68
2212,0.56
10403,0.69
2214,0.81
2215,0.69
10404,0.09
2218,0.88
10411,0.89
10412,0.77
10414,0.62
10415,0.88
10416,0.39
10418,0.69
2229,0.36
10423,0.22
2232,0.94
10424,0.99
2234,0.03
2235,0.99
10426,0.1
10431,0.3
2240,0.39
2242,0.31
2243,0.15
10436,0.55
2249,0.26
10441,0.21
10443,0.08
2254,0.72
10448,0.08
10449,0.09
10451,0
2261,0.57
10458,0.88
10459,0.64
10460,0.72
10461,0.15
2271,0.66
10465,0.06
10468,0.39
2277,0.65
2278,0.75
10469,0.03
2283,0.77
2284,0.89
2285,0.05
10479,0.17
2288,0.56
10483,0.03
2292,0.96
10486,0.94
10489,0.68
10490,0.33
10491,0.21
2300,0.1
10492,0.48
10495,0.13
10498,0.63
2307,0.98
2310,0.35
10502,0.25
10506,0.64
2315,0.27
10510,0.53
10511,0.74
2320,0.58
10518,0.87
2327,0.48
10520,0.73
2331,0.72
10524,0.31
2333,0.61
2334,1
10526,0.39
10527,0.75
2338,0.85
2339,0.38
2340,0.52
2344,0.38
10539,0.96
2348,0.12
2351,0.3
2352,0.58
10544,0.52
2356,0.32
10549,0.28
2362,0.63
10555,0.85
2365,0.27
2366,0.85
10557,0.44
2368,0.14
10559,0.88
10560,0.38
10561,0.46
10562,0.57
10564,0.57
10565,0.12
2375,0.02
10566,0.08
10570,0.8
2379,0.9
2380,0.94
2381,0.49
10571,0.8
10572,0.48
10576,0.8
10577,0.53
10578,0.08
2387,0.9
2390,0.61
2394,0.24
2395,0.59
10588,0.14
2398,0.94
2399,0.04
10591,0.76
2402,0.44
2403,0.36
10598,0.41
10602,0.19
2411,0.65
10603,0.16
10604,0.07
10606,0.96
10608,0.14
2417,0.83
10609,0.87
2419,0.69
10612,0.41
2423,0.3
2424,0.37
2425,0.69
10621,0.21
10622,0.05
2431,0.54
2432,0.35
10627,0.14
10628,0.17
2438,0.67
10635,0.9
2445,0.69
10639,0.78
2455,1
2456,0.42
10648,0.53
10652,0.6
10658,0.1
10662,0.25
2471,0.43
10663,0.95
2475,0.85
2476,0.39
10670,0.17
10671,0.5
10672,0.89
10673,0.38
2482,0.7
10675,0.94
10677,0.82
2495,0.33
2499,0.99
2500,0.11
2502,0.57
10694,0.41
2505,0.58
2507,0.82
10700,0.34
10705,0.79
10709,0.35
2518,0.5
10710,0.1
10712,0.14
2524,0.31
2525,0.08
10723,0.58
2532,0.74
10728,0.73
10729,0.09
2540,0.47
2543,0.41
2544,1
10736,0.07
10737,0.02
2547,0.6
10738,0.63
2550,0.17
10744,0.63
10745,0.38
2554,0.03
2556,0.21
10750,0.59
2559,0.71
10751,0.61
10754,0.38
2568,0.8
2569,0.72
2571,0
2576,0.36
2577,0
10768,0.44
2579,0.08
2580,0.8
10769,0.37
2582,0.38
10773,0.5
10775,0.8
10777,0.19
10784,0.68
10785,0.7
10786,0.92
10793,0.44
2605,0.69
10799,0.36
2609,0.09
10801,0.69
2611,0.76
2614,0.11
10806,0.97
2616,0.93
2619,0.03
10811,0.41
2621,0.84
2622,0.47
10812,0.29
10813,0.34
10816,0.86
10818,0.69
10819,0.35
10822,0.45
2631,0.56
2633,0.47
10828,0.98
2637,0.26
2638,0.97
2639,0.63
10830,0.26
10833,0.97
10834,0.32
2644,0.6
2647,0.09
2650,0.54
10843,0.39
2654,0.05
2655,0.18
2656,0.3
10850,0.3
2659,0.57
10852,0.92
2661,0.36
10854,0.16
2663,0.07
10857,0.15
2666,0
10862,0.13
2671,0.47
10864,0.5
2675,0.82
2680,0.25
10872,0.43
2683,0.9
10875,0.74
2689,0.65
2694,0.42
10887,0.43
2696,0.3
10888,0.12
2698,0.7
2704,0.9
10897,0.3
2708,0.31
2712,0.03
2713,0.36
10904,0.84
2716,0.77
2717,0.84
2718,0.3
10910,0.03
2720,0.15
10911,0.41
10913,1
10916,0.71
2725,0.62
2732,0.11
2733,0.51
10924,0.1
10927,0.61
2736,0.16
2738,0.66
10932,0.56
2741,0.12
10933,0.68
10934,0.7
10935,0.52
2747,0.15
2748,0.82
10942,0.48
10946,0.42
2755,0.72
10948,0.64
2757,0.8
2758,0.87
2762,0.93
2764,0.79
10957,0.28
10959,0.43
10961,0.3
10962,0.53
10963,0.85
10966,0.26
2775,0.97
10969,0.63
2778,0.66
10972,0.79
2781,0.3
2782,0.09
10973,0.96
10975,0.34
2785,0.33
2791,0.01
10983,0.11
2793,0.57
10991,0.84
2803,1
10996,0.12
2809,0.31
2815,0.83
11007,0.15
2822,0.04
2825,0.26
2826,0.68
2829,0.33
11021,0.7
2831,0.27
2835,0.42
11027,0.22
11030,0.34
11031,0.26
2842,0.25
2845,0.36
11038,0.2
2848,1
2850,0.91
11043,0.1
11044,0.44
11047,0.49
2858,0
11051,0.32
11054,0.22
2863,0.72
11058,0.14
2867,0.62
2868,0.96
11060,0.48
11061,0.76
11062,0.06
2876,0.61
2877,0.51
2878,0.61
11069,0.06
11070,0.65
11072,0.49
2882,0.48
11074,0.6
2885,0.54
2886,0.78
11078,0.26
11079,0.75
11080,0.42
2890,0.49
11082,0
2892,0.02
11084,0.26
2895,0.16
11087,0.39
11090,0.18
2899,0.15
2901,0.93
11097,0.1
11099,0.28
2908,0.81
11102,0.12
11105,0.46
2914,0.26
11108,0.55
11111,0.81
11114,0.46
2924,0.65
2926,0.17
11118,0.97
2928,0.37
2929,0.83
11123,0.08
2933,0.85
2934,0.37
11127,0.63
2936,0.44
2939,0.77
2940,0.88
11131,0.25
11133,0.64
11134,0.73
2949,0.92
2950,0.19
11142,0.39
2955,0.32
2956,0.15
11149,0.12
11150,0.34
2960,0.53
2967,0.32
11162,0.92
2974,0.93
11167,0.41
2976,0.33
11171,0.81
2980,0.04
11175,0.29
2985,0.84
2986,0.19
11177,0.19
2989,0.66
2990,0.17
2991,0.96
11181,0.14
11182,0.88
2994,0.42
2997,0
3002,0.01
3003,0.76
11194,0.58
3005,0.06
3008,0.41
3012,0.15
3019,0.12
3020,0.16
11213,0.56
3024,0.29
11216,0.54
3026,0.33
11217,0.33
3029,0.62
11222,0.96
3031,0.5
3032,0.65
11228,0.86
11231,0.09
11233,0.26
3045,0.01
3046,0.92
11239,0.36
3050,0.97
11244,0.39
3053,0.94
11245,0.65
3056,0.15
3057,0.65
3060,0.09
11255,0.84
3065,0.05
11262,0.39
3071,0.37
3072,0.48
11263,0.3
3077,0.37
11269,0.09
3079,0.99
11270,0.64
3081,0.86
11277,0.47
3087,0.62
11280,0.91
3092,0.36
11284,0.12
3096,0.96
3097,0.52
3101,0.91
3102,0.27
11295,0.76
11296,0.1
11297,0.77
11298,0.64
11299,0.33
3108,0.22
3112,0.97
3113,0.12
3114,0.65
11306,0.44
3117,0.22
11311,0.11
3122,0.75
3124,0.1
11318,0.02
11327,0.18
11330,0.57
11331,0.49
3140,0.63
11332,0.64
11335,0.41
11337,0.7
3146,0.91
11342,0.74
11343,0.89
3152,0.34
11344,0.47
3155,0.97
11348,0.66
11349,0.77
11350,0.03
3159,0.3
3160,0.71
11358,0.24
3168,0.24
3169,0.49
3172,0.69
11365,0.84
3175,0.01
11368,0.49
11372,0.54
11375,0.59
3184,0.42
11376,0.23
3187,0.83
11380,0.12
11381,0.76
3190,0.58
3194,0.49
3195,0.78
3196,0.01
11389,0.35
11391,0.9
3204,0.28
3206,0.1
3208,0.79
3209,0.64
11404,0.94
11407,0.54
3216,0.11
11408,0.88
3218,0.34
11411,0.71
3221,0.3
3222,0.73
3223,0.28
11414,0.13
3226,0.55
11424,0.49
3233,0.59
3234,0.17
11426,0.27
3237,0.03
11430,0.89
11431,0.92
11432,0.87
3242,0.13
3243,0.32
11438,0.11
11441,0.01
3253,0.88
11447,0.1
3258,0.14
11450,0.27
3260,0.82
11454,0.54
3265,0.5
3266,0.81
11457,0.83
11464,0.41
3273,0.9
3275,0.02
3276,0.74
3277,0.42
3278,0.15
11468,0.79
11469,0.92
11470,0.54
3284,0.96
3286,0.16
11480,0.56
11482,0.82
11483,0.93
11484,0.17
11487,0.35
11488,0.32
3297,0.64
11490,0.96
11491,0.62
11494,0.14
3303,0.08
3304,0.84
11497,0.06
3307,0.15
3310,0.25
11503,0.52
11504,0.27
3313,0.89
11506,0.74
3315,0.58
3316,0.37
11508,0.51
11511,0.59
11512,0.89
3324,0.15
11517,0.52
3328,0.4
3329,0.77
3330,0.33
11520,0.49
3332,0.6
11522,0.37
11523,0.29
3337,0.96
3338,0.86
11529,0.05
11530,0.45
3342,0.5
3344,0.34
11536,0.73
11540,0.52
3349,0.89
3350,0.36
11542,0.29
11544,0.01
11545,0.66
3354,0
3361,0.41
3362,1
3363,0.44
11557,0.8
3368,0.79
11561,1
11564,0.91
3373,0.84
11569,0.22
3379,0.14
11572,0.12
11576,0.04
3385,0.66
11582,0.7
11583,0.76
3395,0.16
11589,0.77
3399,0.69
11592,0.72
3401,0.45
3403,0.26
11598,0.83
11600,0.91
11602,0.84
11604,0.08
3415,0.59
11610,0.36
3419,0.49
11611,0.6
11612,0.95
11614,0.42
3423,0.81
3425,0.52
3426,0.78
11617,0.13
11619,0.18
11621,0.95
11622,0.4
11623,0.02
11625,0.08
3434,0.04
3435,0.85
3436,0.65
3437,0.73
3439,0.56
3440,0.73
3441,0.85
3442,0.42
11633,0.61
3444,0.96
3445,0.29
11637,0.75
11638,0.6
3448,0.2
3449,0.46
3450,0.2
11639,0.85
11640,0.98
11641,0.92
11645,0.77
3455,0.13
3456,0.14
11648,0.61
3458,0.22
11649,0.28
3462,0.5
3465,0.52
11657,0.38
11658,0.77
11662,0.36
11664,0.11
11665,0.17
11666,0.17
3476,0.38
11668,0.96
11669,0.96
11670,0
11672,0.09
3484,0.68
3485,0.23
11678,0.93
3487,0.94
3488,0.55
11681,0.53
3491,0.16
11685,0.94
3494,0.61
3496,0.84
3498,0.71
11692,0.82
3501,0.55
11693,0.98
11695,0.79
3506,0.12
11699,0.09
3512,0.68
3514,0.41
11706,0.83
11709,0.03
3518,0.75
11714,0.69
3524,0.97
3525,0.6
11726,0.29
3536,0.07
11733,0.21
3542,0.54
11737,0.91
3546,0.75
11738,0.39
11739,0.65
11740,0.3
3550,0.08
3552,0.86
11746,0.27
11749,0.99
11750,0.3
3559,0.33
11753,0.24
11759,0.26
11761,0.16
3575,0.19
11768,0.6
11769,0.69
11770,0.6
11772,0.2
11776,0.4
11777,0.99
11778,0.62
3588,0.2
3589,0.54
11784,0.35
3597,0.48
11790,0.45
3599,0.44
11798,0.36
11801,0.53
11804,0.57
3613,0.99
3614,0.14
11806,0.89
3618,0.81
3619,0.08
3622,0.67
3623,0.67
11816,0.49
11818,0.7
11820,0.56
3629,0.37
11823,0.6
11826,0.39
11829,0.6
3638,0.29
11830,0.44
3643,0.14
3645,0.6
3646,0.5
11840,0.24
3650,0.66
11842,0.97
3654,0.29
3655,0.19
3656,0.8
11849,0.65
11852,0.21
11854,0.19
11855,0.87
3666,0.73
3668,0.45
11860,0.34
3672,0.44
11865,0.96
3674,0.25
11868,0.3
3678,0.66
3679,0.98
3682,0.54
11876,0.15
3686,0.3
11878,0.34
11880,0.04
11883,0.55
3693,0.85
11886,0
3696,0.08
3697,0.9
11888,0.62
11889,0.13
11891,0.32
11893,0.3
3705,0.13
3706,0.65
3708,0.18
3715,0.71
11910,0.13
3720,0.13
11914,0.47
3723,0.1
3725,0.04
3726,0.26
11921,0.56
3730,0.4
3731,0.71
11922,0.32
11928,0.84
11931,0.19
11936,0.51
3746,0.66
3749,0.31
11943,0.63
11944,0.43
11949,0.64
3758,0.08
3759,0.19
11951,0.48
3761,0.98
11953,0.3
11955,0.59
11956,0.22
3765,0.94
3766,0.45
11958,0.61
11960,0.33
3773,0.56
11965,0.94
11967,0.51
3776,0.34
3777,0.8
11969,0.1
3782,0.37
3784,0.3
11976,0.27
3789,1
11981,0.73
11983,0.35
11985,0.59
3794,0.47
11986,0.65
3797,0.01
3798,0.53
11989,0.49
11990,0.06
11992,0.2
3802,0.11
11994,0.49
3805,0.32
11999,0.83
3809,0.89
12002,0.07
3813,0.09
12007,0.54
12008,0.23
3817,0.36
3818,0.3
12009,0.82
3820,0.76
3821,0.75
12010,0.63
12011,0.74
12013,0.66
3825,0.28
12015,0.56
3827,0.65
3828,0.14
3830,0.04
3834,0.89
12026,0.45
3840,0.64
3843,0
12037,0.22
3846,0.31
3847,0.02
12040,0.16
12043,0.65
12046,0.97
12049,0.21
3859,0.06
12052,0.31
12054,0.52
3863,0.76
3867,0.03
3868,0.41
12059,0.23
12060,0.02
3872,0.54
12066,0.16
3875,0.5
3878,0.57
3879,0.08
12077,0
3888,0.17
3889,0.36
12081,0.52
3892,0.27
3896,0.95
12091,0.2
12092,0.84
3901,0.44
12098,0.47
12099,0.17
12100,0.24
3909,0.04
3910,0.6
12101,0.93
3913,0.5
12107,0.64
12108,0.98
3917,0.17
12114,0.91
12116,0.09
3925,0.26
3927,0.03
3928,0.23
3929,0.38
3930,0.71
3931,0.51
12125,0.01
12133,0.17
3942,0.24
3943,0.87
3947,0.16
12139,0.8
12140,0.55
3952,0.72
12144,0.82
3957,0.67
3959,0.85
12151,0.03
12153,0.18
12161,0.8
12166,0.15
3978,0.87
12171,0.8
3981,0.28
12173,0.96
3983,0.85
12176,0.54
3985,0.47
3989,0.88
3991,0.15
12186,0.1
12188,0.16
12191,0.62
4001,0.05
12194,0.27
4005,0.03
4007,0.21
12200,0.43
4009,0.13
4010,0.51
12203,0.54
12204,0.68
12205,0.91
12207,0.69
4019,0.11
12211,0.5
4021,0.79
4026,0.35
12218,0.37
12220,0.08
4029,0.52
4030,0.74
12221,0.31
12225,0.83
12226,0.53
4035,0.59
12231,0.19
12232,0.53
4042,0.63
12234,0.39
4047,0.42
12240,0.93
12242,0.82
12243,0.19
4052,0.51
4053,0.49
12245,0.42
12248,0.33
4057,0.95
4060,0.58
12252,0.67
4062,0.31
4063,0.18
4064,0.22
12255,0.23
4066,0.97
12258,0.16
12260,0.08
12262,0.9
4071,0.15
4075,0.9
4080,0.11
12272,0.26
12274,0.02
4085,0.15
4086,0.46
12277,0.09
12279,0.78
4091,0.57
4092,0.66
12288,0.5
12290,0.01
12292,0.68
12296,0.16
12297,0.84
4106,0.22
4110,0.15
4111,0.67
4113,0.67
4116,0.11
12309,0.07
4119,0.72
4120,0.47
4121,0.63
12311,0.8
12313,0.72
4124,0.08
12317,0.71
4127,0.41
12321,0.29
4130,0.85
4131,0.62
12322,0.93
12327,0.88
12330,0.17
4140,0.58
12333,0.04
12334,1
12335,0.81
12337,0.59
4147,0.8
12339,0.44
4149,0.38
12342,0.4
4152,0.58
4153,0.51
12344,0.99
12347,0.72
12348,0.74
4157,0.78
4159,0.02
4160,0.49
4161,1
12351,0.54
12352,0.84
4164,0.36
12356,0.51
12357,0.38
12360,1
12362,0.11
12364,0.33
4173,0.31
4174,0.4
12369,0.42
12370,0.68
4181,0.14
4183,0.57
12376,0.68
4186,0.38
4191,0.03
12383,0.51
4194,0.9
12387,0.14
4197,0.79
4198,0.35
4199,0.69
12390,0.42
4203,0.07
12395,0.49
4206,0.34
4207,0.41
12400,0.01
12401,0.83
12402,0.39
12403,0.84
4215,0.28
12408,0.15
4222,0.7
4225,0.92
12418,0
4228,0.82
12420,0.08
12423,0.8
12425,0.03
4234,0.53
4235,0.49
12428,0.23
4237,0.94
12429,0.78
4241,0.31
4242,0.95
4246,0.99
4247,0.01
4248,0.12
12439,0.7
12440,1
12441,0.47
12442,0.33
4254,0.18
12447,0.64
4257,0.67
12450,0.64
4259,0.16
4260,0.17
12451,0.27
4262,0.64
4263,0.22
12453,0.83
4265,0.31
4266,0.74
12457,0.68
4268,0.02
4269,0.24
4270,0.63
12461,0.11
12464,0.8
4275,0.58
12468,0.49
4279,0.53
12471,0.11
12472,0.61
4282,0.72
12474,0.12
4284,0.83
4285,0.8
4286,0.57
4287,0.04
12476,0.83
4290,0.62
4293,0.16
12488,0.46
4297,0.3
4299,0.31
4305,0.53
12498,0.91
12499,0.92
4312,0.15
12507,0.18
4316,0.66
4317,0.77
4320,0.99
12512,0.78
12513,0.45
12514,0.27
12515,0.27
4325,0.28
12518,0.18
4327,0.54
4329,0.19
4330,0.86
4331,0.18
12521,0.29
4333,0.88
12522,0.03
12524,0.77
12531,0.8
4343,0.14
12536,0.95
12539,0.97
12542,0.15
12546,0.04
12549,0
4358,0.44
12553,0.17
4362,0.91
4365,0.88
12557,1
12558,0.26
4369,0.76
12561,0.32
12562,0.04
4372,0.13
4373,0.36
4376,0.93
12568,0.73
4384,0.66
12577,0.85
4386,0.81
4387,0.18
12580,0.36
4389,0.68
4390,0.41
12582,0.39
12584,0.09
12591,0.86
4400,0.58
12593,0.25
4403,0.58
12595,0.84
12598,0.43
4407,0.5
12599,0.49
12600,0.04
12601,0.65
12605,0.05
12607,0.44
12611,0.58
4423,0.84
4424,0.01
4427,0.54
12619,0.15
4429,0.98
12621,0.32
12622,0.17
4432,0.66
12623,0.58
4437,0.85
4438,0.67
12633,0.3
4442,0.8
12639,0.64
4449,0.52
4450,0.89
4451,0.09
12643,0.07
4455,0.83
12650,0.3
4459,0.06
4460,0.21
4461,0.6
12652,0.76
4463,0.92
12653,0.36
4465,0.92
12658,0.15
12659,0.51
12660,0.84
12661,0.49
4470,0.19
12663,0.7
4473,0.82
12665,0.28
4477,0.59
12671,0.75
12672,0.31
4481,0.77
4482,0.95
4483,0.42
4484,0.57
12676,0.08
12678,0.63
4487,0.14
12680,0.41
4489,0.26
12681,0.44
12686,0.57
4496,0.73
4499,0.57
4504,0.7
12696,0.81
4507,0.52
4509,0.64
4510,0.93
4511,0.63
12707,0.66
4517,0.23
4521,0.94
4523,0
12715,0.08
4525,0.68
4526,0.63
12722,0.33
12725,0.59
4535,0.96
12730,0.03
4540,0.56
4541,0.57
12732,0.63
4546,0.85
12739,0.83
12742,0.8
12743,0.39
4553,0.52
12747,0.95
4560,0.6
4561,1
4562,0.07
12752,0.89
12754,0.89
4565,0.31
12756,0.74
4567,0.81
4568,0.33
4569,0.16
12762,0.37
12763,0.18
4573,0.43
12771,0.43
12773,0.1
12774,0.67
4583,0.78
12777,0.68
12778,0.92
12779,0.96
12782,0.64
12786,0.4
4595,0.24
12788,0.33
4598,0.2
4608,0.76
12802,0.83
4611,0.95
4612,0.51
4615,0.77
12807,0.78
4619,0.85
12812,0.37
12813,0.69
4629,0.49
12821,0.92
12823,0.63
4633,0.46
4634,0.35
4635,0.53
12825,1
4638,0.03
4641,0.87
4642,0.23
4646,0.87
4647,0.37
4649,0.76
12841,0.83
4652,0.37
4653,0.49
4654,0.38
12844,0.29
4657,0.69
12849,0.31
12851,0.04
12852,0.45
4662,0.02
12854,0.8
4664,0.23
12857,0.96
12858,0.56
12862,0.68
4672,0.3
4673,0.2
12867,0.3
12869,0.85
4678,0.35
12872,0.36
12875,0.05
4690,0.62
12886,0.04
4699,0.89
12892,0.2
4701,0.96
4703,0.94
4704,0.65
12901,0.47
12904,0.36
4713,0.91
12905,0.75
12909,0.68
12911,0.99
12914,0.17
12916,0
12919,0.01
4730,0.39
4731,0.12
12924,0.81
12925,0.93
12926,0.85
4736,0.35
12930,0.33
12931,0.45
4740,0.79
4741,0.52
12935,0.4
4746,0.95
12940,0.72
4751,0.91
4752,0.49
12944,0.96
12945,0.95
4756,0.15
12948,0.84
4762,0
12954,0.39
12955,0.94
4765,0.99
4766,0.56
4767,0.26
12960,0.73
4770,0.98
4777,0.59
12971,0.97
12972,0.66
4782,0.38
12974,0.75
4786,0.33
4788,0.93
4790,0.23
4794,0.92
4797,0.69
12991,0.1
12994,0.44
12996,0.08
12998,0.03
4808,0.89
13000,0.22
13006,0.67
4815,0.46
4818,0.72
13011,0.67
4821,0.34
4824,0.06
4825,0.91
13022,0.69
13023,0.65
13024,0.9
4833,0.27
4838,0.66
13033,0.19
4842,0.86
4844,0.59
13039,0.89
4848,0.15
4849,0.29
13041,0.85
13042,0.14
13044,0.5
13046,0.35
13048,0.08
13049,0.75
4866,0.39
13059,0.05
4868,0.15
4869,0.07
13063,0.34
4872,0.1
13064,0.55
13065,0.55
4875,0.77
13067,0.49
4877,0.78
13071,0.77
13072,0.03
4881,0.02
13073,0.48
4884,0.61
13076,0.25
4886,0.89
4887,0.8
13080,0.83
13081,0.31
13083,0.38
13084,0.5
4895,0.79
4896,0.99
13087,0.88
4898,0.45
13088,0.57
4900,0.04
4901,0.93
13092,0.71
13093,0.5
13098,0.07
4908,0.61
13104,0.52
4914,0.28
13106,0.03
13108,0.06
4917,0.6
13109,0.77
4919,0.61
4920,0.73
13112,0.73
4923,0.83
4925,0
13117,0.89
13118,0.49
13124,0.52
4933,0.78
4936,0.36
4937,0.63
13128,0.35
13132,0.15
13133,0.28
4942,0.64
13140,0.07
4950,0.99
4954,0.04
13149,0.08
4958,0.15
13152,0.61
13153,0.23
13154,0.7
4964,0.51
13156,0.34
13157,0.04
13162,0.08
4971,0.81
4972,0.78
4973,0.05
4974,0.08
4975,0.65
13164,0.65
4978,0.79
4981,0.23
13174,0.7
13178,0.96
13183,0.7
4992,0.95
13184,0.84
4995,0.02
13187,0.58
4997,0.89
13188,0.58
4999,0.38
13191,0.81
13192,0.06
13193,0.81
13198,0.51
5007,0.91
13202,0.88
13206,0.57
13207,0.88
13208,0.47
5017,0.82
13210,0.17
5020,0.19
13216,0
13218,0.11
5027,0
13224,0.81
13228,0.27
13230,0.58
5039,0.93
5040,0.08
13235,0.04
5045,0.6
5050,0.64
13242,0.84
13244,0.12
5053,0.59
5056,0.49
5057,0.86
13251,0.22
13252,0.49
5061,0.96
13253,0.54
5068,0.37
5070,0.69
5072,0.54
5073,0.6
5075,0.59
5076,0.32
13267,0.77
13269,0.42
5081,0.04
13273,0.19
13275,0.25
5084,0.4
13279,0.2
13280,0.8
13282,0.42
5092,0.14
5093,0.94
13286,0.7
13287,0.23
13288,0.95
5097,0.64
13289,0.46
13291,0.96
5100,0.79
5109,0.31
13301,0.32
13302,0.9
5112,0.26
13304,0.73
13307,0.46
5116,0.34
13310,0.25
13312,0.94
5123,0.37
5126,0.8
13319,0.76
13321,0.83
5132,0.08
5136,0.58
5138,0.62
13330,0.16
5140,0.78
5141,0.05
13332,0.15
5143,0.8
13333,0.03
5145,0.83
5146,0.09
5147,0.89
13334,0.51
13335,1
13336,0.14
13342,0.39
13344,0.19
5153,0.42
13345,0.5
5157,0.71
5159,0.2
5162,0.29
13355,0.45
13357,0.29
13358,0.13
5168,0.82
5174,0.25
5175,0.22
13366,0
5179,0.3
5180,0.87
5186,0.43
13379,0.57
5188,0.3
5189,0.52
13383,0.62
5192,0.75
13384,0.68
5194,0.1
5195,0.14
13385,0.23
5197,0.27
13387,0.71
13391,0.3
5204,0.93
5205,0.25
5206,0.85
13398,0.27
5211,0.72
13404,0.41
13405,0.72
13406,0.6
13409,0.71
13411,0
5220,0.76
5222,0.44
5223,0.23
5224,0.95
5226,0.2
5227,0.46
13419,1
5229,0.97
13425,0.84
13426,0.3
13427,0.91
5237,0.03
5239,0.38
5244,0.74
13437,0.4
5246,0.19
5249,0.36
13442,0.17
5251,0.79
5252,0.3
13443,0.24
13444,0.43
13447,0.95
13448,0.11
5257,0.13
5258,0.76
13451,0.33
13459,0.51
13461,0.97
5272,0.12
5273,0.88
13464,0.39
13470,0.95
13471,0.64
13472,0.46
13473,0.51
5282,0.12
13474,0.21
13475,0.84
13477,0.33
5286,0.71
13478,0.02
5288,0.59
13481,0.86
13482,0.4
5291,0.69
5292,0.82
5294,0.64
5295,0.59
13487,0.08
5297,0.67
5298,0.9
13489,0.74
13490,0.58
13496,0.55
5307,0.48
5308,0.72
13499,0.04
13501,0.11
5311,0.84
13509,0.23
5318,0.28
5319,0.32
5320,0.37
13512,0.18
5322,0.39
5323,0.44
5324,0.26
13515,0.5
13517,0.1
13521,0.62
5330,0.98
13522,0.05
13524,0.22
5333,0.74
13527,0.43
13530,0.16
5339,0
13531,0.86
5341,0.39
13533,0.07
5347,0.54
5350,0.24
5351,0.59
5353,0.87
5354,0.79
5355,0.12
5356,0.66
5357,0.21
5367,0.33
13560,0.31
5369,0.78
13562,0.33
5371,0.43
13563,0.79
13566,0.25
5376,0.09
13568,0.55
13569,0.1
5380,0.09
13572,0.84
13573,0.54
13574,0.07
13575,0.61
5385,0.36
13577,0.52
13580,0.43
13582,0.7
13584,0.47
5393,0.68
13587,0.1
13590,0.98
5400,0.71
13592,0.52
5404,0.67
5406,0.53
13600,0.25
5409,0.47
13605,0.54
5415,0.48
5416,0.9
13607,0.99
13612,0.64
13617,0.86
5427,0.59
5428,0.88
5432,0.64
13625,0.01
5435,0.37
13628,0.81
5437,0.62
13630,0.01
5444,1
13637,0.8
5446,0.56
5447,0.72
5448,0.79
5449,0.49
13638,0.77
13643,0.23
5453,0.13
13645,0.31
13647,0.61
13648,0.25
5457,0.28
13653,0.54
5462,0.83
5464,0.42
5465,0.58
13657,0.03
13662,0.89
13665,0.97
5479,0.96
5481,0.84
5482,0.8
13675,0.76
13680,0.98
13683,0.81
13684,0.03
5493,0.42
5494,0.63
13685,0.43
13686,0.09
13687,0.34
5498,0.51
5499,0.53
13689,0.76
13692,0.74
5503,0.89
13697,1
5507,0.97
5508,0.55
13702,0.76
5511,0.12
5513,0.1
5516,0.36
5517,0.57
13708,0.53
13710,0.19
5520,0.96
5522,0.19
13716,0.02
5525,0.41
5530,0.36
13722,0.34
5532,0.78
13724,0.09
5534,0.41
13725,0.02
13729,0.63
13730,0.79
13731,0.17
13736,0.52
5548,0.4
5549,0.91
5553,0.2
13746,0.9
5555,0.47
13747,0.31
5560,0.09
5566,0.17
13760,0.24
5570,0.43
13762,0.57
13765,0.4
13766,0.72
13767,0.17
5576,0.17
5577,0.85
13770,0.13
13771,0.51
13774,0.46
5588,0.41
5595,0.03
5596,0.36
13787,0.64
13792,0.06
5604,0.47
5612,0.37
5617,0.76
5626,0.65
5633,0.62
5634,0.38
5638,0.24
5639,0.06
5640,0.33
5642,0.29
5644,0.58
5648,0.22
5664,0.23
5669,0.74
5672,0.89
5674,0.39
5678,0.59
5680,0.32
5683,0.65
5684,0.75
5686,0.54
5689,0.64
5693,0.61
5698,0.25
5704,0.1
5714,0.68
5717,0.86
5720,0.09
5724,0.65
5727,0.24
5731,0.64
5736,0.75
5741,0.74
5742,0.53
5752,0.58
5759,0.99
5760,0.4
5761,0.76
5768,0.58
5771,0.83
5782,0.44
5785,0.7
5787,0.4
5789,0.32
5793,0.12
5795,0.03
5796,0.06
5806,0.97
5809,0.86
5810,0.57
5815,0.39
5816,0.61
5821,0.45
5824,0.29
5829,0.87
5835,0.48
5836,0.72
5838,0.61
5839,0.67
5847,0.14
5849,0.52
5856,0.83
5860,0.1
5865,0.28
5866,0.15
5868,0.72
5875,0.03
5885,0.93
5893,0.84
5897,0.65
5898,0.61
5911,0.37
5912,0.52
5913,0.36
5915,0.82
5920,0.71
5929,0.52
5940,0.58
5945,0.52
5948,0.26
5954,0.57
5961,0.12
5966,0.21
5968,0.51
5974,0.86
5979,0.16
5982,0.81
5986,0.04
5989,0.92
5995,0.23
5996,0.76
5998,0.53
6001,0.26
6003,0.27
6007,0.21
6012,0.05
6017,0.09
6018,0.09
6019,0.85
6020,0.23
6022,0.13
6026,0.59
6028,0.73
6030,0.1
6031,0.84
6044,0.94
6046,0.2
6055,0.11
6060,0.17
6062,0.1
6067,0.82
6074,0.79
6077,0.22
6078,0.09
6082,0.91
6084,0.45
6088,0.15
6089,0.29
6090,0.75
6097,0.41
6102,0.86
6106,0.57
6108,0.33
6109,0.92
6116,0.31
6119,0.82
6120,0.93
6122,0.49
6124,0.25
6127,0.84
6129,0.02
6132,0.96
6134,0.66
6139,0.73
6140,0.08
6141,0.93
6149,0.04
6151,0.04
6152,0.5
6154,0.33
6156,0.98
6157,0.53
6161,0.52
6173,0.16
6174,0.8
6176,0.11
6177,0.4
6178,0.13
6185,0.42
6189,0.74
6191,0.05
6195,0.07
6201,0.34
6203,0.38
6213,0.52
6215,0.19
6221,0.79
6229,0.58
6233,0.1
6238,0.41
6241,0.09
6246,0.72
6248,0.6
6250,0.82
6257,0.96
6262,0.12
6264,0.22
6265,0.86
6266,0.8
6267,0.4
6269,1
6270,0.11
6271,0.07
6272,0.94
6275,1
6278,0.23
6279,0.47
6280,0.04
6284,0.56
6285,0.42
6291,0.53
6292,1
6296,0.99
6301,0.32
6304,0.54
6307,0.4
6308,0.25
6314,0.5
6316,0.72
6318,0.62
6321,0.35
6323,0.31
6325,0.68
6326,0.91
6332,0.52
6333,0.74
6336,0.1
6347,0.41
6349,0.12
6352,0.92
6363,0.54
6368,0.16
6370,0.29
6372,0.32
6373,0.24
6382,0.68
6403,0.37
6406,0.54
6408,0.44
6409,0.9
6411,0.18
6412,0.03
6414,0.62
6421,0.78
6430,0.76
6431,0.18
6434,0.97
6436,0.9
6445,0.34
6448,0.5
6456,0.51
6459,0.2
6462,0.15
6468,0.96
6470,0.69
6474,0.05
6485,0.79
6486,0.74
6489,0.22
6493,0.59
6498,0.31
6500,0.24
6501,0.61
6506,0.6
6509,0.49
6513,0.27
6514,0.49
6524,0.83
6525,0.83
6529,0.98
6533,0.15
6535,0.03
6537,0.35
6538,0.51
6545,0.77
6551,0.91
6553,0.85
6555,0.7
6562,0.65
6567,0.34
6571,0.83
6572,0.89
6574,0.73
6579,0.34
6580,0.26
6586,0.1
6588,0.65
6591,0.59
6594,0.91
6600,0.92
6603,0.31
6607,0.14
6610,0.36
6612,0.39
6621,0.6
6623,0.93
6624,0.72
6626,0.44
6628,0.93
6634,0.79
6636,0.1
6638,0.73
6640,0.64
6644,0.59
6649,0.92
6650,0.4
6651,0.9
6653,0.62
6656,0.58
6657,0.4
6665,0.62
6670,0.47
6675,0.6
6683,0.11
6687,0.09
6692,0.59
6693,0.34
6698,0.61
6701,0.52
6708,0.28
6710,0.54
6714,0.9
6715,0.29
6717,0.4
6718,0.57
6720,0.02
6730,0.92
6732,0.44
6735,0.85
6736,0.34
6737,0.91
6745,0.25
6746,0.25
6759,0.39
6764,0.2
6768,0.17
6769,0.3
6772,0.75
6773,0
6775,0.96
6780,0.96
6784,0.01
6785,0.62
6790,0.51
6791,0.23
6792,0.5
6794,0.67
6810,0.05
6812,0.84
6816,0.73
6820,0.42
6823,0.07
6825,0.42
6828,0.3
6829,0.31
6830,0.07
6831,0.91
6832,0.72
6834,0.65
6836,0.92
6839,0.44
6843,0.61
6846,0.37
6847,0.31
6851,0.64
6854,0.48
6855,0.3
6857,0.82
6861,0.59
6867,0.75
6869,0.54
6870,0.55
6872,0.71
6877,0.5
6878,0.07
6885,0.69
6887,0.11
6889,0.41
6890,0.42
6894,0.68
6897,0.11
6906,0.6
6915,0.69
6916,0.12
6917,0.5
6920,0.65
6921,0.3
6922,0.18
6923,0.18
6935,0.09
6936,0.59
6937,0.23
6940,0.02
6946,0.48
6948,0.47
6949,0.91
6956,0.23
6957,0.01
6959,0.71
6960,0.14
6967,0.74
6973,0.74
6974,0.11
6976,0.55
6982,0.63
6984,0.23
6985,0.29
6987,0.97
6990,0.76
6991,0.81
6992,0.92
6998,0.78
7004,0.84
7005,0.14
7008,0.11
7011,0.13
7013,0.41
7015,0.39
7016,0.81
7021,0.06
7026,0.57
7027,0.17
7030,0.65
7033,0.21
7035,0.53
7039,0.35
7044,0.45
7046,0.44
7047,0.07
7048,0.51
7050,0.89
7052,0.82
7053,0.18
7054,0.38
7057,0.43
7060,0.85
7062,0.14
7070,0.53
7076,0.9
7077,0.08
7081,0.45
7089,0.03
7091,0.33
7093,0.85
7095,0.61
7097,1
7100,0.51
7103,0.9
7105,0.07
7113,0.28
7118,0.99
7120,0.8
7131,0.21
7137,1
7139,0.41
7140,0.78
7142,0.03
7144,0.75
7148,0.73
7153,0.72
7154,0.03
7159,0.1
7160,0.67
7161,0.21
7167,0.58
7168,0.15
7169,0.47
7183,0.57
7189,0.12
7191,0.36
7195,0.62
7196,0.76
7197,0.07
7198,0.8
7201,0.71
7202,0.55
7217,0.88
7220,0.9
7223,0.47
7230,0.11
7235,0.65
7236,0.93
7237,0.97
7248,0.73
7249,0.23
7253,0.45
7255,0.95
7256,0.33
7257,0.75
7264,0.38
7266,0.32
7275,0.1
7284,0.89
7287,0
7289,0.14
7290,0.4
7292,0.89
7293,0
7296,0.9
7298,0.77
7305,0.98
7308,0.34
7311,0.18
7312,0.2
7314,0.2
7315,0.45
7320,0.41
7324,0.02
7326,1
7333,0.21
7334,0.35
7337,0.5
7338,0.69
7344,0.61
7350,0.38
7353,0.37
7355,0.88
7356,0.44
7357,0.95
7359,0.35
7360,0.22
7361,0.63
7362,0.42
7363,0.9
7364,0.47
7369,0.16
7372,0.81
7379,0.27
7382,0.62
7384,0.33
7387,0.77
7389,0.44
7393,0.95
7404,0.97
7407,0.55
7410,0.9
7414,0.48
7416,0.52
7417,0.94
7419,0.42
7425,0.71
7426,0.7
7432,0.63
7433,0.01
7435,0.58
7438,0.39
7441,0.18
7443,0.46
7448,0.03
7456,0.19
7457,1
7458,0.3
7459,0.85
7460,0.1
7464,0.27
7466,0.03
7467,0.3
7470,0.18
7472,0.97
7486,0.03
7501,0.41
7504,0.18
7505,0.43
7507,0.66
7508,0.68
7511,0.1
7513,0.36
7516,0.57
7518,0.22
7523,0.46
7524,0.8
7525,0.66
7528,0.71
7530,0.59
7535,0.35
7538,0.5
7539,0.15
7546,0.44
7548,0.7
7551,0.34
7556,0.85
7557,0.89
7566,0.24
7567,0.75
7573,0.55
7575,0.59
7577,0.28
7579,0.95
7582,0.22
7583,0.5
7587,0.36
7590,0.87
7599,0.79
7600,0.73
7602,0.74
7605,0.13
7606,0.08
7611,0.72
7613,0.7
7615,0.45
7631,0.25
7637,0.65
7639,0.91
7640,0.51
7642,0.54
7643,0.88
7650,0.95
7651,0.47
7653,0.65
7655,0.59
7656,0.9
7659,0.49
7661,0.72
7666,0.51
7667,0.17
7671,0.71
7674,0.82
7685,0.15
7686,0.41
7688,0.78
7692,0.53
7693,0.8
7696,0.1
7706,0.85
7711,0.24
7718,0.94
7721,0.47
7723,0.9
7724,0.37
7728,0.87
7729,0.98
7731,0.78
7732,0.99
7738,0.7
7745,0.93
7751,0.81
7758,0.75
7760,0.88
7761,0.24
7763,0.14
7766,0.86
7767,0.17
7774,0.02
7779,0.46
7780,0.5
7784,1
7785,0.7
7791,0.31
7795,0.89
7796,0.58
7797,0.79
7804,0.72
7806,0.11
7811,0.71
7816,0.81
7820,0.19
7821,0.47
7822,0.53
7823,0
7836,0.24
7841,0.36
7847,0.93
7848,0.2
7852,0.53
7859,0.84
7860,0.96
7861,0.13
7862,0.04
7867,0.24
7868,1
7871,0.73
7875,0.81
7886,0.53
7888,0.11
7896,0.33
7899,0.88
7900,0.91
7901,0.55
7902,0.54
7904,0.68
7905,0.21
7906,0.95
7914,0.54
7915,0.73
7917,0.05
7918,0.69
7922,1
7923,0.65
7926,0.97
7935,0.21
7938,0.24
7940,0.99
7941,0.1
7946,0.07
7954,0.43
7957,0.48
7960,0.79
7962,0.23
7966,0.32
7969,0.1
7972,0.96
7973,0.8
7975,0.1
7982,0.34
7983,0.08
7986,0.26
7988,0.16
7993,0.86
7995,0.24
7997,0.25
8002,0.76
8005,1
8007,0.25
8010,0.59
8013,0.96
8015,0.41
8020,0.35
8021,0.24
8023,0.72
8026,0.19
8032,0.76
8033,0.1
8036,0.82
8039,0.93
8049,0.65
8052,0.03
8057,0.48
8064,0.35
8066,0.23
8072,0.9
8075,0.11
8076,0.34
8082,0.71
8084,0.32
8086,0.04
8089,0.07
8090,0.45
8096,0.94
8099,0.28
8113,0.56
8114,0.34
8121,0.98
8125,0.64
8126,0.95
8130,0.38
8133,0.18
8134,0.85
8139,0.17
8144,0.93
8145,0.3
8148,0.51
8153,0.99
8163,0.51
8165,0.46
8166,0.48
8168,0.56
8170,0.15
8172,0.07
8173,0.85
8175,0.44
8176,0.09
8178,0.05
8181,0.4
8183,0.84