,Id,TARGET_5Yrs
0,1,0.790785
1,8194,0.7791236
2,3,0.95084524
3,8196,0.88770473
4,8197,0.8378959
5,6,0.92460763
6,8198,0.701029
7,8202,0.81496364
8,14,0.7623759
9,8207,0.68010736
10,17,0.8335804
11,8214,0.958336
12,25,0.95777583
13,8217,0.9427332
14,8219,0.9559785
15,8220,0.9923692
16,8228,0.99070615
17,38,0.8834637
18,39,0.6006055
19,8230,0.95201504
20,8237,0.9869199
21,46,0.98945796
22,47,0.9656736
23,48,0.8089886
24,8239,0.8390646
25,50,0.8388788
26,51,0.94722706
27,8244,0.99442357
28,8245,0.9727509
29,54,0.87928283
30,8250,0.9159839
31,60,0.8236418
32,62,0.6877658
33,63,0.7887517
34,8255,0.7626999
35,8256,0.80306274
36,68,0.5184532
37,69,0.63337785
38,8261,0.8913092
39,8265,0.9918373
40,75,0.9936931
41,77,0.67777234
42,8269,0.7804722
43,8273,0.7288779
44,84,0.86130655
45,8279,0.889278
46,8284,0.80520624
47,93,0.813623
48,8288,0.7173023
49,98,0.6506333
50,101,0.8142075
51,104,0.81893665
52,8297,0.91019565
53,8305,0.3309601
54,120,0.92573094
55,8317,0.9127387
56,8318,0.9378585
57,8326,0.6016075
58,8328,0.9696063
59,137,0.9987458
60,138,0.99203414
61,139,0.8031263
62,8329,0.73771495
63,141,0.99017274
64,8340,0.9203508
65,8343,0.5433316
66,152,0.7423619
67,156,0.62972724
68,157,0.7811923
69,8349,0.90064
70,161,0.9820154
71,8355,0.93244636
72,8357,0.90221417
73,167,0.7210414
74,8359,0.927922
75,8361,0.7830702
76,8362,0.84780145
77,8367,0.86917394
78,176,0.8836274
79,177,0.8922873
80,8370,0.93963224
81,181,0.8867351
82,183,0.85773134
83,184,0.78357327
84,8376,0.78437203
85,8377,0.60363376
86,8380,0.82192206
87,189,0.68906623
88,191,0.6843207
89,194,0.8861423
90,8387,0.95290375
91,8388,0.7991864
92,197,0.94925904
93,8389,0.86567193
94,8392,0.5876075
95,202,0.9783693
96,8395,0.9205105
97,8397,0.949419
98,206,0.63766474
99,8400,0.95063925
100,210,0.87410426
101,213,0.9435835
102,8407,0.98671097
103,216,0.80991334
104,8410,0.9248952
105,8411,0.8353369
106,221,0.93716824
107,8415,0.6385183
108,8418,0.9650844
109,227,0.48724315
110,8419,0.9977054
111,229,0.86247474
112,8422,0.48867097
113,232,0.9867986
114,233,0.88509965
115,235,0.9911054
116,8427,0.977032
117,8429,0.6526199
118,243,0.6554651
119,8435,0.6557009
120,246,0.98655385
121,247,0.6345405
122,8439,0.99437654
123,252,0.92699873
124,253,0.8203472
125,8447,0.9823627
126,256,0.8493287
127,8448,0.91191125
128,261,0.99035513
129,263,0.8152528
130,8455,0.8923119
131,8456,0.94411224
132,8457,0.6455234
133,8458,0.7671518
134,269,0.83209324
135,271,0.84824187
136,8463,0.9472265
137,8467,0.987033
138,276,0.9336004
139,277,0.7889738
140,8468,0.97373134
141,8469,0.9722482
142,8470,0.7986613
143,8472,0.8153608
144,282,0.8825982
145,8475,0.91391665
146,284,0.6365595
147,285,0.7923694
148,286,0.9252838
149,8477,0.67744327
150,8479,0.93551004
151,289,0.8873503
152,290,0.8190689
153,8485,0.8791113
154,8487,0.85273886
155,8488,0.979932
156,301,0.6455936
157,8493,0.8141272
158,8494,0.9945015
159,307,0.67532897
160,308,0.83507824
161,313,0.9503534
162,314,0.8263596
163,315,0.88306874
164,316,0.8279062
165,317,0.9921951
166,8510,0.99694425
167,8517,0.80963665
168,326,0.9891094
169,8518,0.9847749
170,8519,0.8112479
171,8521,0.8423916
172,333,0.9228966
173,334,0.9374749
174,8525,0.9632835
175,8530,0.928654
176,8531,0.8646559
177,8532,0.8053962
178,8533,0.82368517
179,350,0.5446827
180,8542,0.88117516
181,354,0.9981665
182,8547,0.9522928
183,358,0.69387877
184,8551,0.8116421
185,8552,0.6013456
186,361,0.2201506
187,364,0.94196236
188,8556,0.9946918
189,8558,0.7805443
190,8560,0.8207408
191,8563,0.915516
192,373,0.6786221
193,374,0.9477317
194,375,0.9425627
195,8565,0.7646556
196,8567,0.9772614
197,8568,0.91561145
198,379,0.7978192
199,8572,0.8217188
200,8576,0.93660396
201,8577,0.79724795
202,387,0.60312
203,8583,0.78333974
204,395,0.747337
205,400,0.7835895
206,8592,0.85000265
207,402,0.95133525
208,8593,0.79173833
209,8594,0.98161316
210,406,0.8474907
211,8598,0.9844646
212,8601,0.9924722
213,8603,0.88923717
214,8604,0.9796411
215,416,0.99267936
216,8608,0.7777562
217,418,0.64772797
218,8613,0.8843114
219,424,0.99043864
220,8618,0.97179306
221,427,0.9313425
222,429,0.8549855
223,430,0.83015037
224,8622,0.8863839
225,8624,0.7893354
226,433,0.94592416
227,434,0.9954845
228,8625,0.8125988
229,436,0.88184464
230,437,0.9378583
231,8629,0.5957786
232,439,0.78610736
233,8633,0.8147655
234,8638,0.9144998
235,449,0.99052495
236,450,0.80128634
237,451,0.5038546
238,8642,0.9078976
239,453,0.9767318
240,457,0.978686
241,463,0.91789126
242,465,0.93461573
243,8657,0.97741336
244,8659,0.9600906
245,468,0.54710835
246,8660,0.4326626
247,470,0.8821528
248,8661,0.7972391
249,8663,0.91987777
250,8667,0.4972713
251,476,0.89591694
252,477,0.7605966
253,478,0.9441656
254,479,0.9164338
255,8669,0.9630653
256,481,0.86609846
257,482,0.9107705
258,483,0.68697137
259,8671,0.9171678
260,8678,0.99356854
261,490,0.48585933
262,8682,0.95347977
263,493,0.74795717
264,8686,0.5837278
265,499,0.7222263
266,500,0.962646
267,501,0.82813376
268,8693,0.90214694
269,8694,0.8451262
270,505,0.85339344
271,8700,0.8740096
272,8707,0.83322394
273,8708,0.89513296
274,8712,0.83836526
275,521,0.83615893
276,8714,0.72788787
277,8715,0.9583976
278,8718,0.9929311
279,528,0.66085804
280,529,0.9333077
281,530,0.81966156
282,8721,0.9366583
283,532,0.98277724
284,8722,0.87916017
285,538,0.9162672
286,540,0.67214036
287,541,0.8822545
288,8737,0.9880674
289,548,0.9861267
290,550,0.8696418
291,8742,0.70733595
292,552,0.8444995
293,8746,0.4848163
294,555,0.6689608
295,556,0.87368345
296,8749,0.8774479
297,558,0.95899004
298,8754,0.9787578
299,8756,0.9660189
300,565,0.6630997
301,8760,0.9794214
302,8761,0.6013268
303,571,0.9912553
304,8763,0.8547826
305,8768,0.9236244
306,579,0.93394643
307,8772,0.5412999
308,8775,0.8208174
309,584,0.68667823
310,586,0.9144334
311,8778,0.9177008
312,8783,0.5472336
313,595,0.7965016
314,8787,0.7016106
315,8789,0.86422867
316,8790,0.9593651
317,8792,0.9524982
318,605,0.798278
319,608,0.90931773
320,8800,0.77755517
321,8801,0.99759465
322,611,0.8035318
323,8802,0.8284659
324,613,0.68077964
325,8806,0.8233354
326,616,0.9827002
327,8809,0.7820827
328,8810,0.8991421
329,8815,0.83732045
330,8819,0.95519835
331,8822,0.8334522
332,631,0.78733456
333,8823,0.9674915
334,633,0.6611201
335,8825,0.92956823
336,8826,0.9452598
337,636,0.9150353
338,8829,0.95512795
339,638,0.925655
340,639,0.983797
341,8830,0.6765022
342,8831,0.8179647
343,8832,0.51420695
344,8835,0.96991754
345,644,0.9782512
346,645,0.793045
347,8837,0.88267165
348,647,0.8293285
349,649,0.9961927
350,8842,0.8859525
351,651,0.7630297
352,8844,0.9624905
353,653,0.98553663
354,654,0.78167707
355,8845,0.8891028
356,8851,0.91009057
357,8854,0.7941125
358,8856,0.81497526
359,665,0.83775973
360,666,0.7081034
361,8858,0.83781046
362,668,0.6961996
363,8859,0.7143617
364,670,0.7426127
365,8861,0.7371051
366,8862,0.9518826
367,8864,0.99017674
368,674,0.36927837
369,675,0.9751764
370,8865,0.96967185
371,677,0.60846937
372,678,0.9941943
373,679,0.90935755
374,8866,0.99207675
375,8868,0.9731013
376,682,0.964718
377,8870,0.8067756
378,684,0.6950138
379,685,0.74624544
380,8872,0.84263253
381,687,0.8819895
382,8874,0.8447743
383,689,0.9564474
384,8877,0.76023614
385,8883,0.49190596
386,693,0.9059736
387,694,0.9865406
388,696,0.91319436
389,8891,0.91745085
390,8893,0.8597586
391,8897,0.7881376
392,710,0.77213216
393,8904,0.9044183
394,714,0.8119525
395,715,0.8680662
396,8907,0.6928362
397,719,0.7363174
398,8912,0.9207033
399,8913,0.989056
400,724,0.67702836
401,8916,0.8066179
402,8923,0.8862929
403,8926,0.9184289
404,735,0.8493373
405,8929,0.48565927
406,8930,0.9940562
407,740,0.9343714
408,742,0.9182661
409,743,0.94928914
410,8934,0.98369586
411,8938,0.823909
412,8939,0.9104194
413,752,0.9698462
414,753,0.8571011
415,8944,0.9967709
416,8947,0.88746214
417,8949,0.9628661
418,8951,0.7560296
419,8959,0.91191196
420,769,0.7949076
421,8962,0.9342643
422,8966,0.8132317
423,8969,0.6954977
424,8973,0.6761374
425,789,0.99320495
426,792,0.753028
427,793,0.84381706
428,794,0.79487664
429,8988,0.77743065
430,8991,0.92352575
431,800,0.73935115
432,8993,0.76852936
433,8994,0.98933035
434,804,0.90193814
435,805,0.98965657
436,8997,0.8811501
437,8999,0.82360095
438,811,0.95069396
439,9004,0.7602762
440,9006,0.9056549
441,817,0.9896011
442,822,0.7664854
443,825,0.91110665
444,9017,0.47289783
445,9021,0.8870907
446,830,0.72512424
447,832,0.82237715
448,833,0.8011599
449,838,0.76715064
450,846,0.9001954
451,9039,0.84593636
452,9040,0.9245923
453,9041,0.89412856
454,852,0.94621676
455,853,0.9244593
456,9048,0.88683224
457,9049,0.7156988
458,9056,0.9027456
459,865,0.80039966
460,866,0.7691569
461,9057,0.716677
462,9061,0.8963749
463,872,0.7816552
464,873,0.9696138
465,874,0.94264877
466,875,0.8896237
467,9069,0.9784873
468,878,0.94315124
469,9070,0.60237926
470,885,0.93457824
471,9077,0.9946602
472,888,0.9503117
473,891,0.93910986
474,892,0.8016278
475,893,0.89938104
476,894,0.87151396
477,9083,0.77984047
478,896,0.71334857
479,9087,0.9967804
480,898,0.8890106
481,9088,0.8348357
482,9090,0.9661556
483,903,0.81822187
484,9095,0.56622505
485,9102,0.85401607
486,911,0.8624287
487,912,0.8846235
488,9103,0.8417752
489,914,0.7592291
490,9106,0.72707427
491,9107,0.95384014
492,917,0.7667194
493,918,0.9079145
494,920,0.90095
495,9113,0.93737453
496,9114,0.5742864
497,923,0.813243
498,9123,0.69828695
499,933,0.8626608
500,934,0.8341118
501,9126,0.7509377
502,9128,0.9979062
503,937,0.86403704
504,9133,0.89216185
505,945,0.65185153
506,9137,0.7291496
507,947,0.97239506
508,948,0.9788638
509,949,0.6902473
510,9144,0.8012284
511,953,0.9831597
512,9146,0.7080798
513,955,0.8845559
514,9148,0.8697533
515,959,0.9655836
516,960,0.7553908
517,961,0.9048721
518,9154,0.8454325
519,964,0.92223746
520,9157,0.9708539
521,9158,0.8382188
522,968,0.90856946
523,9160,0.8151579
524,971,0.85662377
525,972,0.38303873
526,973,0.9762673
527,9163,0.92182153
528,9167,0.6549414
529,976,0.8246942
530,980,0.9303789
531,982,0.7593218
532,9175,0.784658
533,9176,0.8201692
534,986,0.98978233
535,987,0.33404425
536,9181,0.89911574
537,9186,0.73648226
538,997,0.75725615
539,9189,0.7670159
540,999,0.7948266
541,1001,0.7370785
542,9193,0.88546735
543,9194,0.8816835
544,9195,0.84411305
545,9198,0.99011564
546,9199,0.98457474
547,9201,0.50354195
548,1010,0.6360351
549,9204,0.63383543
550,9207,0.66574186
551,9213,0.94523
552,1023,0.63122463
553,9218,0.68932825
554,1027,0.6480482
555,9220,0.78352094
556,9222,0.836082
557,1031,0.77502215
558,1037,0.8063475
559,1038,0.8349376
560,1039,0.80010325
561,9233,0.92770857
562,1047,0.99323297
563,1049,0.8389832
564,9241,0.460767
565,1053,0.7240685
566,9245,0.87424016
567,1055,0.812232
568,9248,0.9130386
569,9251,0.9125579
570,1061,0.8847758
571,1064,0.8993495
572,9256,0.91140807
573,9262,0.8035981
574,1072,0.8451022
575,1073,0.8368631
576,9266,0.62540525
577,1075,0.9481524
578,1082,0.9309577
579,1086,0.9127394
580,1087,0.8953852
581,1089,0.87592477
582,9282,0.79196954
583,1091,0.639208
584,1092,0.7489001
585,9283,0.8360882
586,1094,0.8675044
587,1095,0.9902012
588,9284,0.99555075
589,9285,0.8747305
590,1100,0.9808189
591,9292,0.90560186
592,9293,0.99314016
593,1104,0.9282051
594,9296,0.6955914
595,9300,0.8084754
596,1109,0.9781235
597,9302,0.71099013
598,1112,0.83528364
599,9304,0.7399273
600,1117,0.9026826
601,9309,0.64096266
602,9310,0.89993525
603,9314,0.8922502
604,1123,0.8646422
605,1125,0.7480413
606,9317,0.9541658
607,1131,0.87450165
608,1132,0.6635846
609,9324,0.86585397
610,1134,0.9055608
611,9330,0.93323606
612,9331,0.93412614
613,9332,0.90980935
614,1146,0.90454787
615,9340,0.90996027
616,1150,0.94314575
617,1151,0.899023
618,9346,0.38703254
619,1156,0.73565865
620,9348,0.9971739
621,9350,0.9659078
622,9351,0.93889225
623,9353,0.82933897
624,9354,0.9851387
625,9355,0.8580447
626,9356,0.96476626
627,1165,0.9753924
628,9359,0.9700445
629,9360,0.9992067
630,1170,0.9271618
631,1172,0.9931965
632,1173,0.86900085
633,1174,0.5745799
634,1175,0.91936207
635,9365,0.82042825
636,1180,0.812354
637,9373,0.8573144
638,9374,0.821203
639,1184,0.98579895
640,1185,0.833534
641,1189,0.88201755
642,1192,0.8677406
643,1193,0.92696536
644,1194,0.83420765
645,1195,0.8975797
646,9384,0.868212
647,9385,0.75215185
648,9387,0.8067969
649,9392,0.93469965
650,9394,0.86365515
651,9395,0.7864466
652,1205,0.75200146
653,1207,0.9570098
654,9401,0.8797871
655,1211,0.83186615
656,1212,0.49106604
657,9403,0.87278736
658,9405,0.82812804
659,1215,0.9811334
660,1216,0.84085935
661,9419,0.7778626
662,9420,0.5912156
663,1229,0.9096193
664,1230,0.776648
665,9421,0.8787196
666,9423,0.834655
667,1233,0.8209153
668,9425,0.9222187
669,9433,0.6206041
670,1243,0.9844179
671,1246,0.8355749
672,1249,0.8265104
673,1253,0.8891706
674,9445,0.75427884
675,9446,0.93653166
676,9447,0.8760298
677,9448,0.4633871
678,1262,0.95844275
679,1264,0.74666685
680,9458,0.8176411
681,9461,0.9918969
682,1270,0.8000086
683,9462,0.8800335
684,9463,0.9688364
685,1278,0.8538311
686,1280,0.7451917
687,9472,0.7725641
688,1288,0.6553554
689,1289,0.44060352
690,9480,0.81271076
691,1291,0.7389547
692,9481,0.9909174
693,9483,0.54212576
694,9485,0.9609939
695,1295,0.9068048
696,1296,0.92559516
697,9487,0.8705196
698,1298,0.96365786
699,9490,0.9641561
700,9492,0.9542673
701,1301,0.77296513
702,9493,0.71948165
703,1303,0.6023568
704,1307,0.7056875
705,9503,0.7028094
706,1312,0.9285967
707,1314,0.9756487
708,1317,0.60266054
709,9509,0.65339327
710,1319,0.7995228
711,1320,0.9564352
712,1321,0.98494476
713,9511,0.9716646
714,9512,0.84604967
715,9513,0.9539167
716,9514,0.99327177
717,9516,0.7029085
718,9517,0.9634446
719,1328,0.33068106
720,9519,0.9516349
721,1331,0.928827
722,1335,0.88312894
723,9527,0.7787401
724,1339,0.9266018
725,1341,0.6618517
726,9533,0.9758356
727,9538,0.78946114
728,9540,0.9905805
729,9542,0.8319021
730,9543,0.890757
731,1352,0.858823
732,9545,0.76337713
733,1356,0.7647549
734,1357,0.8727997
735,9551,0.811359
736,1361,0.8062769
737,1362,0.91474026
738,9555,0.9164148
739,9556,0.83457935
740,9561,0.87783355
741,9564,0.93520945
742,9565,0.9611888
743,9567,0.8824039
744,9568,0.79545474
745,9569,0.973306
746,1379,0.95256877
747,1380,0.9212023
748,1382,0.83136374
749,1383,0.783596
750,9577,0.8410127
751,1386,0.5406136
752,1387,0.8326876
753,1392,0.87399083
754,1395,0.8524214
755,9588,0.828878
756,9590,0.977927
757,1401,0.87872726
758,9596,0.88510215
759,1405,0.92197794
760,1409,0.82456213
761,9601,0.7434841
762,1412,0.57791257
763,9605,0.9949569
764,1414,0.9568171
765,1417,0.9220474
766,9609,0.720157
767,1421,0.9628157
768,9613,0.89437264
769,1424,0.9943105
770,1425,0.9876166
771,9617,0.8541233
772,1427,0.9938252
773,1428,0.66995734
774,9620,0.7092609
775,1430,0.95709974
776,1431,0.8803201
777,9621,0.47335345
778,9623,0.54082894
779,9624,0.72792983
780,1435,0.8474546
781,9629,0.8534864
782,9631,0.99273044
783,9632,0.98574454
784,9634,0.89640814
785,9635,0.94929975
786,1446,0.8033382
787,9641,0.8977102
788,1451,0.87773234
789,9644,0.909147
790,1456,0.9800034
791,1457,0.92990947
792,1459,0.853097
793,9656,0.92685515
794,9663,0.9283982
795,9664,0.85345685
796,1474,0.18121251
797,1478,0.7865014
798,1479,0.8528541
799,9672,0.86664206
800,1482,0.7997038
801,1487,0.8638373
802,9679,0.9253978
803,9683,0.77945143
804,1493,0.7747677
805,9686,0.9322853
806,1495,0.9569644
807,9687,0.9904255
808,9690,0.9319398
809,1499,0.92380637
810,1503,0.9922111
811,1504,0.89098066
812,9697,0.9923307
813,9700,0.7986434
814,1510,0.93005097
815,9702,0.8631446
816,9706,0.73363525
817,9707,0.7439244
818,1516,0.9229489
819,9709,0.86520135
820,1519,0.92268324
821,1525,0.95694417
822,9724,0.854303
823,9726,0.7989958
824,1535,0.5130403
825,1538,0.8433818
826,9732,0.90094995
827,9733,0.4070014
828,9738,0.92922825
829,1548,0.91276
830,1551,0.87886405
831,9744,0.79555637
832,1554,0.4469584
833,1556,0.866608
834,9748,0.8406645
835,9750,0.9830232
836,1559,0.49010375
837,1561,0.94953734
838,1564,0.79876167
839,9756,0.8411392
840,1567,0.9903031
841,1569,0.8821064
842,9761,0.8665797
843,9763,0.71473265
844,9764,0.82825387
845,9768,0.64133686
846,9769,0.73959416
847,1578,0.74350685
848,1580,0.7910934
849,1581,0.8463837
850,1582,0.880005
851,9772,0.8408143
852,1586,0.81055284
853,9785,0.8143525
854,9786,0.8291657
855,1595,0.81938
856,1597,0.9421279
857,1598,0.7949395
858,9789,0.96351683
859,1600,0.9022256
860,1601,0.97156197
861,1602,0.9261597
862,9795,0.86031383
863,9800,0.8769706
864,9802,0.864017
865,1611,0.714457
866,9803,0.9823109
867,9805,0.7489621
868,1614,0.72910863
869,9807,0.9981667
870,9808,0.7607117
871,1617,0.94746643
872,1618,0.9090439
873,9810,0.85073406
874,1624,0.68834007
875,9818,0.7263631
876,9821,0.9423687
877,9822,0.80156404
878,1631,0.7593526
879,9824,0.9508209
880,9827,0.8068074
881,1638,0.53877276
882,9832,0.81043315
883,1641,0.824968
884,9834,0.9222337
885,1643,0.89666003
886,9835,0.66487825
887,1646,0.97891414
888,9838,0.98346114
889,9840,0.8998441
890,9841,0.87636894
891,9843,0.89659804
892,1652,0.98275214
893,9847,0.99381435
894,9852,0.79774255
895,1663,0.8201468
896,1666,0.906737
897,9860,0.8611156
898,9861,0.78971636
899,9868,0.8237356
900,1677,0.73571885
901,1680,0.8509461
902,9873,0.92291653
903,1683,0.84404933
904,9876,0.8298513
905,9877,0.918204
906,1693,0.95354414
907,9887,0.77369654
908,1700,0.7582273
909,1701,0.64450234
910,1702,0.6801838
911,1706,0.9949555
912,1708,0.78834224
913,9904,0.9136254
914,1713,0.81910145
915,9905,0.42801842
916,9907,0.83613825
917,1718,0.8809294
918,1721,0.99584806
919,1722,0.81193
920,9913,0.84096706
921,9916,0.688133
922,1725,0.9664225
923,9918,0.7253034
924,9924,0.77865237
925,1733,0.91647375
926,9927,0.7150359
927,9928,0.75622493
928,1737,0.6895022
929,9930,0.9500017
930,9932,0.78088176
931,1741,0.94577444
932,9933,0.8048579
933,9935,0.7976592
934,1749,0.9078165
935,1751,0.9664461
936,9943,0.8837892
937,9945,0.5158097
938,1754,0.8511895
939,9947,0.79944175
940,1759,0.9157422
941,1762,0.8496033
942,1767,0.8045771
943,9959,0.94698864
944,9961,0.8119708
945,9967,0.8575406
946,1776,0.9946103
947,1777,0.7916826
948,1778,0.81454825
949,9969,0.70096904
950,1780,0.74931216
951,9973,0.90020734
952,1786,0.9281208
953,1792,0.6654665
954,9984,0.8647565
955,9985,0.9044693
956,9986,0.96840745
957,1797,0.8325984
958,1798,0.88805103
959,9989,0.9408349
960,9992,0.91611505
961,1801,0.85846806
962,9997,0.73097414
963,10000,0.77857697
964,1809,0.48056334
965,1814,0.99506515
966,10008,0.8121378
967,1819,0.7876887
968,10011,0.93906087
969,10013,0.8574669
970,1823,0.95306647
971,10018,0.9541493
972,1827,0.7442156
973,1829,0.8395798
974,1830,0.8694938
975,1831,0.654447
976,10025,0.8488047
977,10029,0.9559737
978,1839,0.5267635
979,10032,0.9577141
980,10033,0.86404824
981,10034,0.8777866
982,10037,0.8193598
983,10038,0.6350253
984,1848,0.668431
985,1851,0.9082489
986,1852,0.74796313
987,10045,0.930654
988,10046,0.94877166
989,10047,0.9883172
990,1857,0.7312938
991,10050,0.9414289
992,10051,0.97435635
993,1860,0.9192345
994,10052,0.9941407
995,1862,0.98893785
996,1863,0.97277504
997,1864,0.5956659
998,1865,0.4148997
999,10056,0.93683064
1000,10057,0.8899102
1001,10059,0.9259564
1002,1870,0.6760591
1003,10062,0.774286
1004,10064,0.7880893
1005,1874,0.82521486
1006,10066,0.8959614
1007,10069,0.93986297
1008,1885,0.8992791
1009,1886,0.9233782
1010,10077,0.9193489
1011,10078,0.8436104
1012,10079,0.6675021
1013,10082,0.9321409
1014,1891,0.92489886
1015,10083,0.49107903
1016,10084,0.9599832
1017,1894,0.82359284
1018,1895,0.97756714
1019,10087,0.9434005
1020,1898,0.8963119
1021,1899,0.8089527
1022,10092,0.7560224
1023,10093,0.7830845
1024,1902,0.77039546
1025,1903,0.7398814
1026,1904,0.800769
1027,10097,0.533748
1028,1907,0.8921912
1029,10103,0.77197546
1030,1912,0.62706375
1031,1915,0.8115196
1032,10107,0.88699967
1033,1917,0.6943777
1034,1918,0.8590238
1035,1919,0.59844005
1036,10110,0.84644973
1037,1921,0.8121528
1038,10112,0.8710178
1039,1923,0.78550357
1040,10114,0.8946315
1041,1928,0.9281717
1042,10126,0.88446105
1043,10131,0.97937745
1044,1941,0.8280751
1045,10133,0.79318064
1046,1943,0.97350216
1047,1944,0.9617168
1048,1945,0.67197824
1049,10135,0.8206474
1050,10136,0.742984
1051,10137,0.80969757
1052,1949,0.9525761
1053,10140,0.9111642
1054,1951,0.9419872
1055,10141,0.6041967
1056,10142,0.94367653
1057,10143,0.91708744
1058,10148,0.81755793
1059,10151,0.47460628
1060,10157,0.942416
1061,1966,0.7410586
1062,1968,0.6381233
1063,10162,0.81183636
1064,1972,0.96773887
1065,1973,0.64533705
1066,1985,0.9352554
1067,10177,0.79840994
1068,1987,0.99564666
1069,10178,0.942928
1070,1989,0.99518716
1071,10182,0.5838698
1072,1991,0.9009157
1073,1992,0.9867682
1074,10185,0.9731098
1075,10187,0.83307624
1076,1997,0.5898249
1077,1998,0.5509395
1078,1999,0.8986247
1079,10190,0.87452805
1080,10193,0.98727554
1081,10197,0.9899594
1082,10198,0.94561327
1083,10200,0.77286786
1084,2009,0.9539143
1085,10202,0.88964057
1086,2011,0.71039224
1087,10205,0.637977
1088,2016,0.9036229
1089,2017,0.7847531
1090,2018,0.73505706
1091,10209,0.525848
1092,2020,0.8735922
1093,10214,0.881452
1094,10215,0.6008429
1095,10216,0.4067487
1096,2026,0.7583456
1097,10220,0.8845519
1098,10223,0.98984027
1099,10225,0.81538546
1100,10227,0.8350591
1101,2039,0.99519426
1102,10236,0.7982992
1103,2048,0.416464
1104,10243,0.8245525
1105,10247,0.8147076
1106,10249,0.91474116
1107,10251,0.87001574
1108,2061,0.84064204
1109,10254,0.912902
1110,10255,0.7992325
1111,10258,0.79470086
1112,2067,0.9820846
1113,10259,0.80190307
1114,2069,0.7855639
1115,2070,0.86032796
1116,10260,0.80430555
1117,2073,0.99764866
1118,10266,0.80362946
1119,2084,0.8157926
1120,10278,0.70996195
1121,2088,0.88228714
1122,10281,0.54739606
1123,10282,0.8181438
1124,2092,0.8855427
1125,2093,0.9177872
1126,10286,0.9332268
1127,2096,0.8716944
1128,10291,0.84098524
1129,2101,0.9900587
1130,10295,0.84148663
1131,10296,0.8845215
1132,10297,0.9828987
1133,2106,0.75198656
1134,10298,0.9204377
1135,10306,0.6636265
1136,2116,0.7417585
1137,10309,0.89354116
1138,2118,0.8485285
1139,2122,0.9060515
1140,10317,0.9538118
1141,2126,0.38354635
1142,2127,0.8295983
1143,10323,0.8043335
1144,2132,0.87460274
1145,2134,0.8041415
1146,2136,0.9717924
1147,10329,0.6668815
1148,2138,0.8044924
1149,2139,0.9663558
1150,10331,0.8774746
1151,2141,0.8241709
1152,10336,0.8096891
1153,2145,0.70884126
1154,2146,0.89815414
1155,10340,0.5281562
1156,10342,0.88028693
1157,10344,0.8198349
1158,10345,0.8758263
1159,10348,0.90359217
1160,10350,0.9698158
1161,10352,0.9184002
1162,10354,0.9695701
1163,10355,0.7584612
1164,10358,0.6890034
1165,2167,0.8972948
1166,10359,0.84272563
1167,2170,0.8111269
1168,10365,0.72232705
1169,2175,0.96539867
1170,10369,0.92509073
1171,2180,0.7465075
1172,2183,0.8233652
1173,10375,0.95155424
1174,10376,0.7939809
1175,10382,0.7907263
1176,10385,0.6595504
1177,10387,0.94834214
1178,10392,0.9194178
1179,2201,0.9720016
1180,2202,0.8067568
1181,10394,0.9877653
1182,10395,0.6206394
1183,2205,0.82763743
1184,2206,0.7840873
1185,10397,0.75122035
1186,10398,0.820484
1187,10401,0.8424227
1188,10402,0.97683525
1189,2211,0.73617464
1190,2212,0.6893519
1191,10403,0.92509246
1192,2214,0.87999827
1193,2215,0.77109563
1194,10404,0.96864384
1195,2218,0.98627454
1196,10411,0.71447825
1197,10412,0.9708636
1198,10414,0.9767469
1199,10415,0.9174748
1200,10416,0.6636077
1201,10418,0.91771895
1202,2229,0.8005804
1203,10423,0.6880617
1204,2232,0.9697864
1205,10424,0.84059876
1206,2234,0.8968972
1207,2235,0.97556394
1208,10426,0.8286839
1209,10431,0.7950685
1210,2240,0.75250214
1211,2242,0.87974006
1212,2243,0.9311755
1213,10436,0.92750126
1214,2249,0.87582827
1215,10441,0.9277737
1216,10443,0.5568638
1217,2254,0.7319101
1218,10448,0.94045264
1219,10449,0.52250516
1220,10451,0.9682025
1221,2261,0.6578233
1222,10458,0.85645145
1223,10459,0.93783075
1224,10460,0.8147977
1225,10461,0.69289035
1226,2271,0.9082166
1227,10465,0.88134414
1228,10468,0.76659036
1229,2277,0.756353
1230,2278,0.7915421
1231,10469,0.6759405
1232,2283,0.5199143
1233,2284,0.8551259
1234,2285,0.8447395
1235,10479,0.91733074
1236,2288,0.77982146
1237,10483,0.6886893
1238,2292,0.96896386
1239,10486,0.9546312
1240,10489,0.6484672
1241,10490,0.9972656
1242,10491,0.89234376
1243,2300,0.9581074
1244,10492,0.93808997
1245,10495,0.9654107
1246,10498,0.51403904
1247,2307,0.903047
1248,2310,0.69092655
1249,10502,0.8118824
1250,10506,0.49265724
1251,2315,0.695423
1252,10510,0.68622106
1253,10511,0.78813815
1254,2320,0.715447
1255,10518,0.7981268
1256,2327,0.98744154
1257,10520,0.91277397
1258,2331,0.8594117
1259,10524,0.9946951
1260,2333,0.8677561
1261,2334,0.97222906
1262,10526,0.9126656
1263,10527,0.9164257
1264,2338,0.8295115
1265,2339,0.7830826
1266,2340,0.77930975
1267,2344,0.9132377
1268,10539,0.99082994
1269,2348,0.7238478
1270,2351,0.9424608
1271,2352,0.5750495
1272,10544,0.9728256
1273,2356,0.8817891
1274,10549,0.86486477
1275,2362,0.6773317
1276,10555,0.9699498
1277,2365,0.4351185
1278,2366,0.9779163
1279,10557,0.90717334
1280,2368,0.8943517
1281,10559,0.5361467
1282,10560,0.8203316
1283,10561,0.9191291
1284,10562,0.6842077
1285,10564,0.9900713
1286,10565,0.83006984
1287,2375,0.900295
1288,10566,0.71496755
1289,10570,0.97995573
1290,2379,0.9876254
1291,2380,0.8644611
1292,2381,0.9325866
1293,10571,0.8534032
1294,10572,0.6996599
1295,10576,0.9118098
1296,10577,0.912651
1297,10578,0.96472853
1298,2387,0.91087526
1299,2390,0.92507887
1300,2394,0.93590474
1301,2395,0.85066235
1302,10588,0.98553574
1303,2398,0.96318805
1304,2399,0.5448735
1305,10591,0.9784078
1306,2402,0.6944546
1307,2403,0.9376977
1308,10598,0.66998184
1309,10602,0.8315542
1310,2411,0.94221354
1311,10603,0.98260486
1312,10604,0.92238265
1313,10606,0.84156734
1314,10608,0.87178165
1315,2417,0.5581474
1316,10609,0.84720695
1317,2419,0.77091753
1318,10612,0.9206095
1319,2423,0.4481546
1320,2424,0.86493254
1321,2425,0.70591474
1322,10621,0.96933055
1323,10622,0.94701666
1324,2431,0.98548293
1325,2432,0.97780514
1326,10627,0.9615638
1327,10628,0.96880317
1328,2438,0.90280676
1329,10635,0.7854518
1330,2445,0.95591855
1331,10639,0.9930997
1332,2455,0.74605113
1333,2456,0.87055737
1334,10648,0.99774206
1335,10652,0.86010414
1336,10658,0.86087024
1337,10662,0.98694706
1338,2471,0.81259865
1339,10663,0.89626896
1340,2475,0.9765459
1341,2476,0.66646653
1342,10670,0.86029714
1343,10671,0.7694464
1344,10672,0.5402686
1345,10673,0.27206334
1346,2482,0.962343
1347,10675,0.9880922
1348,10677,0.8180732
1349,2495,0.92457247
1350,2499,0.974662
1351,2500,0.9447865
1352,2502,0.8656776
1353,10694,0.85334027
1354,2505,0.7059657
1355,2507,0.8565332
1356,10700,0.894062
1357,10705,0.7995774
1358,10709,0.81842995
1359,2518,0.9353999
1360,10710,0.9260392
1361,10712,0.75835025
1362,2524,0.938031
1363,2525,0.8448452
1364,10723,0.7659679
1365,2532,0.93279827
1366,10728,0.92534107
1367,10729,0.88974583
1368,2540,0.5862074
1369,2543,0.92863
1370,2544,0.8398083
1371,10736,0.8203831
1372,10737,0.8336128
1373,2547,0.940134
1374,10738,0.96716475
1375,2550,0.80064565
1376,10744,0.98928386
1377,10745,0.75123405
1378,2554,0.85386854
1379,2556,0.75865203
1380,10750,0.8398227
1381,2559,0.7535929
1382,10751,0.8664212
1383,10754,0.97292554
1384,2568,0.8542186
1385,2569,0.74491185
1386,2571,0.94095826
1387,2576,0.77200323
1388,2577,0.91627413
1389,10768,0.7893009
1390,2579,0.81617165
1391,2580,0.9362566
1392,10769,0.71550137
1393,2582,0.9389671
1394,10773,0.93747157
1395,10775,0.9290754
1396,10777,0.9804088
1397,10784,0.988889
1398,10785,0.92033803
1399,10786,0.90988654
1400,10793,0.92136085
1401,2605,0.8852672
1402,10799,0.9519526
1403,2609,0.98469836
1404,10801,0.82484657
1405,2611,0.8170243
1406,2614,0.92179286
1407,10806,0.48702952
1408,2616,0.6921423
1409,2619,0.54277754
1410,10811,0.8782499
1411,2621,0.9142151
1412,2622,0.9291984
1413,10812,0.91672146
1414,10813,0.83787805
1415,10816,0.8738635
1416,10818,0.95188344
1417,10819,0.6463851
1418,10822,0.49154842
1419,2631,0.91539586
1420,2633,0.6286297
1421,10828,0.99027
1422,2637,0.9786607
1423,2638,0.94738704
1424,2639,0.9535295
1425,10830,0.98887956
1426,10833,0.907836
1427,10834,0.9525829
1428,2644,0.5978636
1429,2647,0.80212325
1430,2650,0.70568764
1431,10843,0.92929333
1432,2654,0.8420183
1433,2655,0.6977424
1434,2656,0.8051911
1435,10850,0.78410345
1436,2659,0.9831097
1437,10852,0.9816954
1438,2661,0.9630904
1439,10854,0.9481429
1440,2663,0.9377158
1441,10857,0.77639085
1442,2666,0.95538425
1443,10862,0.47848895
1444,2671,0.9711792
1445,10864,0.90893614
1446,2675,0.7101953
1447,2680,0.85495836
1448,10872,0.9684836
1449,2683,0.6351603
1450,10875,0.58750486
1451,2689,0.90887195
1452,2694,0.5640026
1453,10887,0.920705
1454,2696,0.8605429
1455,10888,0.91063523
1456,2698,0.82893604
1457,2704,0.8871046
1458,10897,0.83534706
1459,2708,0.94430405
1460,2712,0.71985304
1461,2713,0.84473634
1462,10904,0.73117423
1463,2716,0.7404719
1464,2717,0.78557825
1465,2718,0.6803333
1466,10910,0.8451797
1467,2720,0.9903016
1468,10911,0.58258903
1469,10913,0.90860695
1470,10916,0.58930594
1471,2725,0.7438083
1472,2732,0.9865058
1473,2733,0.8369557
1474,10924,0.90602607
1475,10927,0.9277337
1476,2736,0.7735586
1477,2738,0.4140186
1478,10932,0.91759485
1479,2741,0.73949224
1480,10933,0.76391774
1481,10934,0.68496794
1482,10935,0.29583138
1483,2747,0.7482682
1484,2748,0.8123908
1485,10942,0.90026104
1486,10946,0.8751941
1487,2755,0.9838802
1488,10948,0.79908425
1489,2757,0.9118432
1490,2758,0.9956845
1491,2762,0.9786345
1492,2764,0.92726195
1493,10957,0.8635249
1494,10959,0.9639213
1495,10961,0.82019633
1496,10962,0.94151926
1497,10963,0.7426278
1498,10966,0.7589506
1499,2775,0.9932058
1500,10969,0.78536254
1501,2778,0.91933227
1502,10972,0.93261594
1503,2781,0.5102225
1504,2782,0.8500893
1505,10973,0.812983
1506,10975,0.79746634
1507,2785,0.65323776
1508,2791,0.8907214
1509,10983,0.9029718
1510,2793,0.9478318
1511,10991,0.9824974
1512,2803,0.93372107
1513,10996,0.9342483
1514,2809,0.8010316
1515,2815,0.85544163
1516,11007,0.9877281
1517,2822,0.89275205
1518,2825,0.87184983
1519,2826,0.8550416
1520,2829,0.977442
1521,11021,0.80610985
1522,2831,0.83905494
1523,2835,0.76823777
1524,11027,0.77997935
1525,11030,0.8451458
1526,11031,0.87153447
1527,2842,0.9009428
1528,2845,0.7884939
1529,11038,0.7062728
1530,2848,0.85233086
1531,2850,0.94455415
1532,11043,0.7473033
1533,11044,0.8369098
1534,11047,0.8643934
1535,2858,0.9535799
1536,11051,0.51900905
1537,11054,0.76672804
1538,2863,0.46822268
1539,11058,0.7207585
1540,2867,0.98881465
1541,2868,0.641182
1542,11060,0.94541013
1543,11061,0.89626527
1544,11062,0.7540256
1545,2876,0.96577936
1546,2877,0.89218336
1547,2878,0.95868796
1548,11069,0.93743426
1549,11070,0.8124039
1550,11072,0.90498215
1551,2882,0.9246394
1552,11074,0.9442739
1553,2885,0.5301407
1554,2886,0.9903576
1555,11078,0.9129719
1556,11079,0.95679814
1557,11080,0.81724125
1558,2890,0.5677207
1559,11082,0.957637
1560,2892,0.65759784
1561,11084,0.8965793
1562,2895,0.62151676
1563,11087,0.630184
1564,11090,0.9677547
1565,2899,0.6412491
1566,2901,0.7497113
1567,11097,0.7136597
1568,11099,0.872506
1569,2908,0.96889514
1570,11102,0.81195205
1571,11105,0.7796043
1572,2914,0.91078
1573,11108,0.93204176
1574,11111,0.5518571
1575,11114,0.8176757
1576,2924,0.84148616
1577,2926,0.90544075
1578,11118,0.8977476
1579,2928,0.9784117
1580,2929,0.7362508
1581,11123,0.8484396
1582,2933,0.9015313
1583,2934,0.938099
1584,11127,0.84255904
1585,2936,0.6614646
1586,2939,0.98334473
1587,2940,0.83833224
1588,11131,0.95885825
1589,11133,0.74119663
1590,11134,0.81569064
1591,2949,0.9629027
1592,2950,0.9496909
1593,11142,0.92451876
1594,2955,0.8306863
1595,2956,0.84691274
1596,11149,0.8363946
1597,11150,0.86089665
1598,2960,0.9421984
1599,2967,0.7896515
1600,11162,0.97930133
1601,2974,0.8095793
1602,11167,0.9353365
1603,2976,0.74110854
1604,11171,0.9011621
1605,2980,0.9955171
1606,11175,0.84654063
1607,2985,0.9218013
1608,2986,0.96817535
1609,11177,0.8776768
1610,2989,0.8337945
1611,2990,0.94559664
1612,2991,0.8709255
1613,11181,0.6232966
1614,11182,0.8779208
1615,2994,0.872765
1616,2997,0.9386234
1617,3002,0.8414011
1618,3003,0.8594665
1619,11194,0.6029386
1620,3005,0.78366184
1621,3008,0.7295183
1622,3012,0.55224097
1623,3019,0.9674567
1624,3020,0.7201646
1625,11213,0.8159399
1626,3024,0.96851367
1627,11216,0.76995635
1628,3026,0.9055338
1629,11217,0.7497079
1630,3029,0.93470913
1631,11222,0.9199974
1632,3031,0.8496363
1633,3032,0.9909422
1634,11228,0.80561185
1635,11231,0.5322375
1636,11233,0.75337875
1637,3045,0.71502566
1638,3046,0.8425389
1639,11239,0.8283945
1640,3050,0.5712892
1641,11244,0.8083832
1642,3053,0.9914204
1643,11245,0.6438389
1644,3056,0.45820475
1645,3057,0.9928758
1646,3060,0.71751904
1647,11255,0.783975
1648,3065,0.8076712
1649,11262,0.7417176
1650,3071,0.91280824
1651,3072,0.99352163
1652,11263,0.9521422
1653,3077,0.8104216
1654,11269,0.9717739
1655,3079,0.7003702
1656,11270,0.7615367
1657,3081,0.65453744
1658,11277,0.9044864
1659,3087,0.76311314
1660,11280,0.99600714
1661,3092,0.93886524
1662,11284,0.92433375
1663,3096,0.8427523
1664,3097,0.7442383
1665,3101,0.7401727
1666,3102,0.97991323
1667,11295,0.99468213
1668,11296,0.76078236
1669,11297,0.9669571
1670,11298,0.7825689
1671,11299,0.90863585
1672,3108,0.8486938
1673,3112,0.7989563
1674,3113,0.93199277
1675,3114,0.9522532
1676,11306,0.91205543
1677,3117,0.9814005
1678,11311,0.8240717
1679,3122,0.9266519
1680,3124,0.99714065
1681,11318,0.888158
1682,11327,0.7542106
1683,11330,0.62436724
1684,11331,0.98515433
1685,3140,0.90605414
1686,11332,0.7212035
1687,11335,0.825318
1688,11337,0.7599821
1689,3146,0.96831816
1690,11342,0.5308915
1691,11343,0.90182865
1692,3152,0.96359
1693,11344,0.7589767
1694,3155,0.949364
1695,11348,0.98782873
1696,11349,0.9007201
1697,11350,0.61383504
1698,3159,0.8071953
1699,3160,0.70525
1700,11358,0.8451843
1701,3168,0.67564225
1702,3169,0.9444005
1703,3172,0.87465554
1704,11365,0.8852884
1705,3175,0.7595281
1706,11368,0.47582746
1707,11372,0.9918098
1708,11375,0.60392684
1709,3184,0.94344604
1710,11376,0.9159524
1711,3187,0.8218174
1712,11380,0.7133739
1713,11381,0.88805306
1714,3190,0.8840549
1715,3194,0.86927193
1716,3195,0.9775188
1717,3196,0.9164818
1718,11389,0.98536855
1719,11391,0.8213761
1720,3204,0.8781786
1721,3206,0.97956353
1722,3208,0.7322622
1723,3209,0.71804523
1724,11404,0.47348037
1725,11407,0.7996155
1726,3216,0.75796
1727,11408,0.49594125
1728,3218,0.9963548
1729,11411,0.4993876
1730,3221,0.92355615
1731,3222,0.8535187
1732,3223,0.73582184
1733,11414,0.8236561
1734,3226,0.99254346
1735,11424,0.88945854
1736,3233,0.45652208
1737,3234,0.7126514
1738,11426,0.7020706
1739,3237,0.87787145
1740,11430,0.90537626
1741,11431,0.88643306
1742,11432,0.7568937
1743,3242,0.8804414
1744,3243,0.9658802
1745,11438,0.89338577
1746,11441,0.9613408
1747,3253,0.92984843
1748,11447,0.99557966
1749,3258,0.9216951
1750,11450,0.8824366
1751,3260,0.8617053
1752,11454,0.9128205
1753,3265,0.9937914
1754,3266,0.9194086
1755,11457,0.70383584
1756,11464,0.76379377
1757,3273,0.9459258
1758,3275,0.74928695
1759,3276,0.8662955
1760,3277,0.8060018
1761,3278,0.9889858
1762,11468,0.85666406
1763,11469,0.97249717
1764,11470,0.97055715
1765,3284,0.82281005
1766,3286,0.97753865
1767,11480,0.6840644
1768,11482,0.99551904
1769,11483,0.8580279
1770,11484,0.38244683
1771,11487,0.8290041
1772,11488,0.96850866
1773,3297,0.8948614
1774,11490,0.75872177
1775,11491,0.35431123
1776,11494,0.9937643
1777,3303,0.69474214
1778,3304,0.9903199
1779,11497,0.94383913
1780,3307,0.6253657
1781,3310,0.940122
1782,11503,0.94148743
1783,11504,0.8230244
1784,3313,0.9306283
1785,11506,0.5724186
1786,3315,0.37381715
1787,3316,0.89834094
1788,11508,0.8248739
1789,11511,0.8572882
1790,11512,0.93671787
1791,3324,0.8161152
1792,11517,0.92943126
1793,3328,0.90578747
1794,3329,0.8459517
1795,3330,0.8955529
1796,11520,0.986999
1797,3332,0.8804087
1798,11522,0.9440199
1799,11523,0.9800253
1800,3337,0.986765
1801,3338,0.989237
1802,11529,0.9652042
1803,11530,0.9958858
1804,3342,0.85516566
1805,3344,0.9561697
1806,11536,0.84170187
1807,11540,0.8851822
1808,3349,0.7225385
1809,3350,0.6606207
1810,11542,0.81577057
1811,11544,0.7378039
1812,11545,0.9677889
1813,3354,0.83233595
1814,3361,0.8414421
1815,3362,0.7094774
1816,3363,0.9531546
1817,11557,0.92484903
1818,3368,0.9564401
1819,11561,0.8967779
1820,11564,0.97540444
1821,3373,0.62757903
1822,11569,0.9932239
1823,3379,0.86342686
1824,11572,0.80523205
1825,11576,0.5906232
1826,3385,0.9244791
1827,11582,0.81138325
1828,11583,0.7181601
1829,3395,0.69569993
1830,11589,0.9118647
1831,3399,0.7686318
1832,11592,0.94881564
1833,3401,0.87969667
1834,3403,0.8687793
1835,11598,0.80409956
1836,11600,0.91751105
1837,11602,0.92539614
1838,11604,0.8086774
1839,3415,0.8093018
1840,11610,0.837497
1841,3419,0.7740144
1842,11611,0.9606391
1843,11612,0.9885125
1844,11614,0.8186084
1845,3423,0.8484131
1846,3425,0.7302857
1847,3426,0.8231593
1848,11617,0.6226664
1849,11619,0.864322
1850,11621,0.9480377
1851,11622,0.7384167
1852,11623,0.70313174
1853,11625,0.8872652
1854,3434,0.9975751
1855,3435,0.95557326
1856,3436,0.94769764
1857,3437,0.80202234
1858,3439,0.98122334
1859,3440,0.7835483
1860,3441,0.8926495
1861,3442,0.7985451
1862,11633,0.9058455
1863,3444,0.6603215
1864,3445,0.93420374
1865,11637,0.883223
1866,11638,0.8551146
1867,3448,0.8414132
1868,3449,0.89657533
1869,3450,0.83896625
1870,11639,0.8941239
1871,11640,0.716222
1872,11641,0.7803177
1873,11645,0.81695706
1874,3455,0.95398265
1875,3456,0.9892153
1876,11648,0.56515
1877,3458,0.8606024
1878,11649,0.78475106
1879,3462,0.9702021
1880,3465,0.9344628
1881,11657,0.7213916
1882,11658,0.9309363
1883,11662,0.78216857
1884,11664,0.8480637
1885,11665,0.9708486
1886,11666,0.8799505
1887,3476,0.9373668
1888,11668,0.16525227
1889,11669,0.79505414
1890,11670,0.7756262
1891,11672,0.79711527
1892,3484,0.89159954
1893,3485,0.66838944
1894,11678,0.86414754
1895,3487,0.8307345
1896,3488,0.9920156
1897,11681,0.7499023
1898,3491,0.5953692
1899,11685,0.9986285
1900,3494,0.7588324
1901,3496,0.937871
1902,3498,0.7908181
1903,11692,0.90468603
1904,3501,0.8373829
1905,11693,0.9777058
1906,11695,0.9686462
1907,3506,0.9902097
1908,11699,0.80181825
1909,3512,0.9501592
1910,3514,0.88358766
1911,11706,0.7891398
1912,11709,0.74704164
1913,3518,0.80937034
1914,11714,0.9160514
1915,3524,0.9338196
1916,3525,0.9022546
1917,11726,0.7600237
1918,3536,0.7887648
1919,11733,0.91784954
1920,3542,0.80791515
1921,11737,0.8328456
1922,3546,0.83561724
1923,11738,0.8666615
1924,11739,0.9228601
1925,11740,0.7500494
1926,3550,0.8770794
1927,3552,0.92030925
1928,11746,0.7242332
1929,11749,0.60878927
1930,11750,0.7316373
1931,3559,0.8515379
1932,11753,0.80682516
1933,11759,0.8504299
1934,11761,0.4388167
1935,3575,0.65956146
1936,11768,0.894916
1937,11769,0.9404137
1938,11770,0.7870513
1939,11772,0.7614219
1940,11776,0.95212156
1941,11777,0.9066571
1942,11778,0.7142268
1943,3588,0.95143735
1944,3589,0.86686605
1945,11784,0.94647354
1946,3597,0.9938876
1947,11790,0.5978699
1948,3599,0.9449584
1949,11798,0.6640452
1950,11801,0.9017762
1951,11804,0.8302309
1952,3613,0.80963117
1953,3614,0.95759207
1954,11806,0.9418516
1955,3618,0.8126595
1956,3619,0.82198584
1957,3622,0.9636943
1958,3623,0.67790306
1959,11816,0.94182605
1960,11818,0.80432546
1961,11820,0.9669025
1962,3629,0.8804474
1963,11823,0.9049473
1964,11826,0.83169764
1965,11829,0.82744455
1966,3638,0.83278024
1967,11830,0.8803454
1968,3643,0.76165634
1969,3645,0.9939009
1970,3646,0.82486874
1971,11840,0.91451985
1972,3650,0.7244525
1973,11842,0.617235
1974,3654,0.9358179
1975,3655,0.6848351
1976,3656,0.8463353
1977,11849,0.8833303
1978,11852,0.7988876
1979,11854,0.43826446
1980,11855,0.8401906
1981,3666,0.89306396
1982,3668,0.5998329
1983,11860,0.6585326
1984,3672,0.888674
1985,11865,0.88042355
1986,3674,0.7349473
1987,11868,0.6018741
1988,3678,0.7064687
1989,3679,0.8650232
1990,3682,0.8335485
1991,11876,0.7896177
1992,3686,0.8379902
1993,11878,0.98182
1994,11880,0.9993674
1995,11883,0.9598654
1996,3693,0.86363965
1997,11886,0.48916385
1998,3696,0.8669952
1999,3697,0.8421193
2000,11888,0.86417204
2001,11889,0.7380054
2002,11891,0.84888846
2003,11893,0.9290533
2004,3705,0.7693887
2005,3706,0.74943155
2006,3708,0.93888384
2007,3715,0.9492191
2008,11910,0.8273015
2009,3720,0.84742755
2010,11914,0.9278209
2011,3723,0.9268624
2012,3725,0.88087356
2013,3726,0.76875424
2014,11921,0.9914589
2015,3730,0.9946397
2016,3731,0.77867115
2017,11922,0.94876015
2018,11928,0.9420713
2019,11931,0.83762085
2020,11936,0.912063
2021,3746,0.7044094
2022,3749,0.86081606
2023,11943,0.84985965
2024,11944,0.8265013
2025,11949,0.8954216
2026,3758,0.77412355
2027,3759,0.9508053
2028,11951,0.9132378
2029,3761,0.8199023
2030,11953,0.89015377
2031,11955,0.9231517
2032,11956,0.91226095
2033,3765,0.9155777
2034,3766,0.939427
2035,11958,0.7236237
2036,11960,0.97108275
2037,3773,0.741053
2038,11965,0.8956317
2039,11967,0.5194195
2040,3776,0.59406215
2041,3777,0.67414385
2042,11969,0.9177606
2043,3782,0.75633717
2044,3784,0.7572535
2045,11976,0.923606
2046,3789,0.9479579
2047,11981,0.94367784
2048,11983,0.9874867
2049,11985,0.6507531
2050,3794,0.90013504
2051,11986,0.9414264
2052,3797,0.90743375
2053,3798,0.8040306
2054,11989,0.6604399
2055,11990,0.6931409
2056,11992,0.7292685
2057,3802,0.7535326
2058,11994,0.79607457
2059,3805,0.81863785
2060,11999,0.926853
2061,3809,0.7494883
2062,12002,0.868391
2063,3813,0.82862437
2064,12007,0.67794
2065,12008,0.7698215
2066,3817,0.87756604
2067,3818,0.5692235
2068,12009,0.8520121
2069,3820,0.9251852
2070,3821,0.8974765
2071,12010,0.7184645
2072,12011,0.98432434
2073,12013,0.93477666
2074,3825,0.9323503
2075,12015,0.8967155
2076,3827,0.9712965
2077,3828,0.9547089
2078,3830,0.7761774
2079,3834,0.8380071
2080,12026,0.9155696
2081,3840,0.8757863
2082,3843,0.76084167
2083,12037,0.85962886
2084,3846,0.69272083
2085,3847,0.7754045
2086,12040,0.9771846
2087,12043,0.8211586
2088,12046,0.97292036
2089,12049,0.71990156
2090,3859,0.9066191
2091,12052,0.82997656
2092,12054,0.9711473
2093,3863,0.85397285
2094,3867,0.878983
2095,3868,0.7109736
2096,12059,0.9286941
2097,12060,0.9626785
2098,3872,0.90772724
2099,12066,0.8154749
2100,3875,0.9600763
2101,3878,0.5635043
2102,3879,0.99023414
2103,12077,0.98781747
2104,3888,0.93367875
2105,3889,0.98512
2106,12081,0.5669073
2107,3892,0.62516296
2108,3896,0.99238026
2109,12091,0.9710886
2110,12092,0.80253035
2111,3901,0.92329216
2112,12098,0.9842515
2113,12099,0.809218
2114,12100,0.7250998
2115,3909,0.9959341
2116,3910,0.7349433
2117,12101,0.97092056
2118,3913,0.6353344
2119,12107,0.9687554
2120,12108,0.95501727
2121,3917,0.9274786
2122,12114,0.83708715
2123,12116,0.8114447
2124,3925,0.60332596
2125,3927,0.60339236
2126,3928,0.8857283
2127,3929,0.52368647
2128,3930,0.8628217
2129,3931,0.9912344
2130,12125,0.95216995
2131,12133,0.8585374
2132,3942,0.9572934
2133,3943,0.8183258
2134,3947,0.9851636
2135,12139,0.8661608
2136,12140,0.2976527
2137,3952,0.93631655
2138,12144,0.922171
2139,3957,0.9426054
2140,3959,0.93076706
2141,12151,0.9555519
2142,12153,0.9569992
2143,12161,0.823375
2144,12166,0.7237305
2145,3978,0.56223464
2146,12171,0.88797766
2147,3981,0.82134473
2148,12173,0.92226106
2149,3983,0.9695302
2150,12176,0.7583822
2151,3985,0.9514483
2152,3989,0.64212126
2153,3991,0.94291157
2154,12186,0.80584145
2155,12188,0.96156275
2156,12191,0.93901974
2157,4001,0.86496085
2158,12194,0.8861519
2159,4005,0.96541315
2160,4007,0.83871484
2161,12200,0.95120203
2162,4009,0.8816163
2163,4010,0.916744
2164,12203,0.6650687
2165,12204,0.900788
2166,12205,0.9900607
2167,12207,0.9136656
2168,4019,0.9902276
2169,12211,0.53873754
2170,4021,0.878084
2171,4026,0.852747
2172,12218,0.70196605
2173,12220,0.78189033
2174,4029,0.8757188
2175,4030,0.6550357
2176,12221,0.89229405
2177,12225,0.78191864
2178,12226,0.8390674
2179,4035,0.72096777
2180,12231,0.8104561
2181,12232,0.8198507
2182,4042,0.92270285
2183,12234,0.41067111
2184,4047,0.7612553
2185,12240,0.91210383
2186,12242,0.9491804
2187,12243,0.8573811
2188,4052,0.9271142
2189,4053,0.9812391
2190,12245,0.9628134
2191,12248,0.64626306
2192,4057,0.7649189
2193,4060,0.98833615
2194,12252,0.9929495
2195,4062,0.90976554
2196,4063,0.98289436
2197,4064,0.971027
2198,12255,0.9074938
2199,4066,0.84766483
2200,12258,0.8762843
2201,12260,0.88202834
2202,12262,0.9419023
2203,4071,0.92806995
2204,4075,0.9385103
2205,4080,0.8662053
2206,12272,0.8100762
2207,12274,0.8014056
2208,4085,0.8599663
2209,4086,0.93233246
2210,12277,0.75993276
2211,12279,0.870998
2212,4091,0.72046643
2213,4092,0.8544246
2214,12288,0.8121446
2215,12290,0.95749927
2216,12292,0.85494775
2217,12296,0.7892758
2218,12297,0.54137325
2219,4106,0.9919776
2220,4110,0.88699406
2221,4111,0.9507608
2222,4113,0.9805398
2223,4116,0.9013875
2224,12309,0.9630788
2225,4119,0.80807126
2226,4120,0.9585216
2227,4121,0.4018029
2228,12311,0.43018225
2229,12313,0.5307384
2230,4124,0.90264046
2231,12317,0.8493076
2232,4127,0.9490698
2233,12321,0.85187757
2234,4130,0.5591656
2235,4131,0.61851656
2236,12322,0.9536084
2237,12327,0.918244
2238,12330,0.98934865
2239,4140,0.92621624
2240,12333,0.85370487
2241,12334,0.9550678
2242,12335,0.8920106
2243,12337,0.99101335
2244,4147,0.9560676
2245,12339,0.9625771
2246,4149,0.8069112
2247,12342,0.79474086
2248,4152,0.7977341
2249,4153,0.84978825
2250,12344,0.97696805
2251,12347,0.8293646
2252,12348,0.81801754
2253,4157,0.87971216
2254,4159,0.7639799
2255,4160,0.9046177
2256,4161,0.917812
2257,12351,0.94213015
2258,12352,0.855179
2259,4164,0.8264669
2260,12356,0.83954585
2261,12357,0.58099157
2262,12360,0.76903534
2263,12362,0.6526496
2264,12364,0.6688453
2265,4173,0.7907262
2266,4174,0.9241312
2267,12369,0.86675686
2268,12370,0.9360519
2269,4181,0.44100493
2270,4183,0.060204644
2271,12376,0.46502683
2272,4186,0.9523053
2273,4191,0.6162979
2274,12383,0.3375434
2275,4194,0.9612309
2276,12387,0.97273815
2277,4197,0.74481547
2278,4198,0.7527704
2279,4199,0.7977334
2280,12390,0.73600817
2281,4203,0.95745665
2282,12395,0.5807948
2283,4206,0.974962
2284,4207,0.8125337
2285,12400,0.7585229
2286,12401,0.89336026
2287,12402,0.99048537
2288,12403,0.8514209
2289,4215,0.9288351
2290,12408,0.9014687
2291,4222,0.79513323
2292,4225,0.98457885
2293,12418,0.83516455
2294,4228,0.9097625
2295,12420,0.812028
2296,12423,0.864695
2297,12425,0.9905641
2298,4234,0.8297939
2299,4235,0.7809963
2300,12428,0.8858831
2301,4237,0.5177031
2302,12429,0.5977026
2303,4241,0.67754847
2304,4242,0.8120973
2305,4246,0.906805
2306,4247,0.9162259
2307,4248,0.8172813
2308,12439,0.7580746
2309,12440,0.9305045
2310,12441,0.95838
2311,12442,0.9720133
2312,4254,0.7585925
2313,12447,0.5821093
2314,4257,0.8501971
2315,12450,0.65914
2316,4259,0.6916395
2317,4260,0.9182035
2318,12451,0.90495217
2319,4262,0.7508815
2320,4263,0.89520615
2321,12453,0.70243114
2322,4265,0.9252984
2323,4266,0.58390826
2324,12457,0.7034334
2325,4268,0.4789327
2326,4269,0.5763371
2327,4270,0.9844847
2328,12461,0.98377186
2329,12464,0.9708393
2330,4275,0.8613736
2331,12468,0.86353785
2332,4279,0.760777
2333,12471,0.85579884
2334,12472,0.8097254
2335,4282,0.97655225
2336,12474,0.96682817
2337,4284,0.9715603
2338,4285,0.8582439
2339,4286,0.7557375
2340,4287,0.9544091
2341,12476,0.9930016
2342,4290,0.8969206
2343,4293,0.7246928
2344,12488,0.77836215
2345,4297,0.6780062
2346,4299,0.5539042
2347,4305,0.6983163
2348,12498,0.5461022
2349,12499,0.97743064
2350,4312,0.6836181
2351,12507,0.92417216
2352,4316,0.9531581
2353,4317,0.9103284
2354,4320,0.8082299
2355,12512,0.8575672
2356,12513,0.9555096
2357,12514,0.6803426
2358,12515,0.6502278
2359,4325,0.88588506
2360,12518,0.74677163
2361,4327,0.846971
2362,4329,0.997736
2363,4330,0.9366418
2364,4331,0.99258524
2365,12521,0.7756006
2366,4333,0.8588672
2367,12522,0.9675277
2368,12524,0.6649614
2369,12531,0.6776883
2370,4343,0.859564
2371,12536,0.88308775
2372,12539,0.9982389
2373,12542,0.7618145
2374,12546,0.94556934
2375,12549,0.99059546
2376,4358,0.914384
2377,12553,0.8516332
2378,4362,0.931749
2379,4365,0.93448484
2380,12557,0.8352833
2381,12558,0.74945146
2382,4369,0.94956475
2383,12561,0.8597008
2384,12562,0.6892183
2385,4372,0.7822922
2386,4373,0.9056736
2387,4376,0.92256004
2388,12568,0.88019806
2389,4384,0.8616115
2390,12577,0.93051505
2391,4386,0.84336954
2392,4387,0.9759355
2393,12580,0.6758157
2394,4389,0.54990286
2395,4390,0.78804934
2396,12582,0.23059067
2397,12584,0.94010323
2398,12591,0.9678551
2399,4400,0.84162045
2400,12593,0.6766058
2401,4403,0.94517183
2402,12595,0.9008781
2403,12598,0.753522
2404,4407,0.711805
2405,12599,0.8438607
2406,12600,0.9127628
2407,12601,0.9564255
2408,12605,0.84396917
2409,12607,0.8675157
2410,12611,0.91986847
2411,4423,0.9142479
2412,4424,0.77463436
2413,4427,0.911517
2414,12619,0.97687596
2415,4429,0.7103295
2416,12621,0.9844023
2417,12622,0.83000743
2418,4432,0.8001811
2419,12623,0.7489731
2420,4437,0.8712991
2421,4438,0.9758946
2422,12633,0.99891365
2423,4442,0.7923599
2424,12639,0.8069203
2425,4449,0.75744
2426,4450,0.78271306
2427,4451,0.94984025
2428,12643,0.96135104
2429,4455,0.9640427
2430,12650,0.818672
2431,4459,0.72579366
2432,4460,0.68803906
2433,4461,0.8646554
2434,12652,0.8771814
2435,4463,0.8644478
2436,12653,0.9290505
2437,4465,0.7981124
2438,12658,0.9526171
2439,12659,0.9679454
2440,12660,0.8924145
2441,12661,0.9278708
2442,4470,0.9140044
2443,12663,0.962177
2444,4473,0.845569
2445,12665,0.8764206
2446,4477,0.5505494
2447,12671,0.9350985
2448,12672,0.96525496
2449,4481,0.8158848
2450,4482,0.9488461
2451,4483,0.90815246
2452,4484,0.71054333
2453,12676,0.9308543
2454,12678,0.82975185
2455,4487,0.7102096
2456,12680,0.75834614
2457,4489,0.9404159
2458,12681,0.70422
2459,12686,0.66105056
2460,4496,0.8793673
2461,4499,0.8579144
2462,4504,0.8194842
2463,12696,0.9418348
2464,4507,0.7971476
2465,4509,0.9637468
2466,4510,0.932112
2467,4511,0.7771509
2468,12707,0.70406467
2469,4517,0.61464214
2470,4521,0.80945295
2471,4523,0.86992306
2472,12715,0.86751825
2473,4525,0.98182684
2474,4526,0.8694042
2475,12722,0.9277695
2476,12725,0.8640984
2477,4535,0.9974261
2478,12730,0.7648068
2479,4540,0.9879913
2480,4541,0.92277175
2481,12732,0.8741027
2482,4546,0.7318413
2483,12739,0.76144207
2484,12742,0.7985174
2485,12743,0.9924867
2486,4553,0.8686846
2487,12747,0.82813346
2488,4560,0.8531164
2489,4561,0.9087406
2490,4562,0.93334085
2491,12752,0.8224274
2492,12754,0.9300285
2493,4565,0.62273186
2494,12756,0.82587725
2495,4567,0.5947679
2496,4568,0.89269507
2497,4569,0.9494166
2498,12762,0.9345414
2499,12763,0.96132946
2500,4573,0.9737821
2501,12771,0.98586684
2502,12773,0.9652712
2503,12774,0.7427462
2504,4583,0.67458856
2505,12777,0.7555281
2506,12778,0.8179652
2507,12779,0.9391197
2508,12782,0.9173801
2509,12786,0.7420345
2510,4595,0.848523
2511,12788,0.8098792
2512,4598,0.7896298
2513,4608,0.73586446
2514,12802,0.8950402
2515,4611,0.92924917
2516,4612,0.8964979
2517,4615,0.928694
2518,12807,0.73405474
2519,4619,0.98499507
2520,12812,0.8796699
2521,12813,0.9756654
2522,4629,0.69529146
2523,12821,0.7747667
2524,12823,0.9198745
2525,4633,0.7229829
2526,4634,0.88640904
2527,4635,0.99511105
2528,12825,0.7453563
2529,4638,0.8853597
2530,4641,0.5551703
2531,4642,0.9202229
2532,4646,0.8250833
2533,4647,0.9860724
2534,4649,0.7309146
2535,12841,0.94695
2536,4652,0.9266098
2537,4653,0.994645
2538,4654,0.86802787
2539,12844,0.8818797
2540,4657,0.7658747
2541,12849,0.8701518
2542,12851,0.54848635
2543,12852,0.8553572
2544,4662,0.6481959
2545,12854,0.97058535
2546,4664,0.98290837
2547,12857,0.8657638
2548,12858,0.79954165
2549,12862,0.801851
2550,4672,0.7637849
2551,4673,0.45034456
2552,12867,0.8637035
2553,12869,0.9214479
2554,4678,0.99348843
2555,12872,0.9177362
2556,12875,0.7327695
2557,4690,0.9182663
2558,12886,0.9632126
2559,4699,0.68378425
2560,12892,0.9225766
2561,4701,0.67535084
2562,4703,0.8366165
2563,4704,0.65100306
2564,12901,0.87957937
2565,12904,0.9896516
2566,4713,0.567545
2567,12905,0.67538995
2568,12909,0.6845133
2569,12911,0.98644245
2570,12914,0.99161243
2571,12916,0.7896045
2572,12919,0.723977
2573,4730,0.8683158
2574,4731,0.9087818
2575,12924,0.70707524
2576,12925,0.86647636
2577,12926,0.8835403
2578,4736,0.9882002
2579,12930,0.9115657
2580,12931,0.8996612
2581,4740,0.944485
2582,4741,0.95968395
2583,12935,0.73030436
2584,4746,0.6733658
2585,12940,0.9104519
2586,4751,0.7578358
2587,4752,0.9014386
2588,12944,0.60671055
2589,12945,0.74110657
2590,4756,0.8534594
2591,12948,0.91034275
2592,4762,0.86166704
2593,12954,0.87487185
2594,12955,0.7703598
2595,4765,0.96747017
2596,4766,0.7792732
2597,4767,0.87504077
2598,12960,0.98631895
2599,4770,0.8769331
2600,4777,0.9875645
2601,12971,0.92600214
2602,12972,0.598713
2603,4782,0.7585634
2604,12974,0.7818273
2605,4786,0.82003397
2606,4788,0.93967307
2607,4790,0.85251147
2608,4794,0.9962521
2609,4797,0.8047123
2610,12991,0.99098164
2611,12994,0.45775506
2612,12996,0.8192333
2613,12998,0.83725363
2614,4808,0.79272574
2615,13000,0.9894433
2616,13006,0.9582519
2617,4815,0.8006074
2618,4818,0.902294
2619,13011,0.9054852
2620,4821,0.93581057
2621,4824,0.7585504
2622,4825,0.89836305
2623,13022,0.81920195
2624,13023,0.9041897
2625,13024,0.68284696
2626,4833,0.750588
2627,4838,0.9648417
2628,13033,0.8964859
2629,4842,0.9675472
2630,4844,0.737565
2631,13039,0.9295328
2632,4848,0.9338504
2633,4849,0.75743586
2634,13041,0.75316936
2635,13042,0.9528267
2636,13044,0.769369
2637,13046,0.802512
2638,13048,0.9316628
2639,13049,0.9515079
2640,4866,0.6654615
2641,13059,0.74106365
2642,4868,0.7976355
2643,4869,0.81117505
2644,13063,0.9775713
2645,4872,0.78835857
2646,13064,0.6681629
2647,13065,0.54905266
2648,4875,0.9857599
2649,13067,0.8189553
2650,4877,0.9837849
2651,13071,0.8378155
2652,13072,0.98525476
2653,4881,0.91866684
2654,13073,0.93797314
2655,4884,0.8724817
2656,13076,0.7859144
2657,4886,0.88551694
2658,4887,0.8494669
2659,13080,0.7827915
2660,13081,0.7739586
2661,13083,0.9500548
2662,13084,0.9331795
2663,4895,0.7894446
2664,4896,0.56098807
2665,13087,0.75829446
2666,4898,0.97975475
2667,13088,0.75968325
2668,4900,0.8629139
2669,4901,0.8526634
2670,13092,0.84064794
2671,13093,0.77216035
2672,13098,0.92644453
2673,4908,0.98215413
2674,13104,0.9477881
2675,4914,0.95810413
2676,13106,0.8572562
2677,13108,0.46065304
2678,4917,0.61354554
2679,13109,0.95936215
2680,4919,0.8879703
2681,4920,0.877758
2682,13112,0.7546441
2683,4923,0.6667644
2684,4925,0.9537136
2685,13117,0.97842467
2686,13118,0.92642707
2687,13124,0.90686476
2688,4933,0.72388726
2689,4936,0.84100384
2690,4937,0.8030244
2691,13128,0.8571511
2692,13132,0.99044704
2693,13133,0.92140615
2694,4942,0.87424684
2695,13140,0.59123456
2696,4950,0.78598875
2697,4954,0.9816067
2698,13149,0.8154499
2699,4958,0.80883515
2700,13152,0.9712029
2701,13153,0.7227919
2702,13154,0.7459218
2703,4964,0.9593086
2704,13156,0.8095586
2705,13157,0.9076752
2706,13162,0.9052283
2707,4971,0.91148096
2708,4972,0.88125026
2709,4973,0.8613642
2710,4974,0.79026955
2711,4975,0.85654294
2712,13164,0.76107866
2713,4978,0.9858111
2714,4981,0.8666693
2715,13174,0.842766
2716,13178,0.9895723
2717,13183,0.8415622
2718,4992,0.935673
2719,13184,0.92756134
2720,4995,0.76428723
2721,13187,0.9828835
2722,4997,0.70882225
2723,13188,0.7208009
2724,4999,0.79192096
2725,13191,0.9342846
2726,13192,0.89184934
2727,13193,0.8881465
2728,13198,0.7737522
2729,5007,0.9359297
2730,13202,0.9613624
2731,13206,0.9337061
2732,13207,0.9390127
2733,13208,0.9485253
2734,5017,0.77162224
2735,13210,0.9506188
2736,5020,0.9267466
2737,13216,0.83994234
2738,13218,0.94091886
2739,5027,0.92653245
2740,13224,0.8518088
2741,13228,0.9244251
2742,13230,0.8663363
2743,5039,0.85729116
2744,5040,0.9560717
2745,13235,0.9465757
2746,5045,0.7394083
2747,5050,0.94177324
2748,13242,0.92049164
2749,13244,0.968411
2750,5053,0.89708024
2751,5056,0.904349
2752,5057,0.73627615
2753,13251,0.9263748
2754,13252,0.79319024
2755,5061,0.9335444
2756,13253,0.75810987
2757,5068,0.7190152
2758,5070,0.7990258
2759,5072,0.9074858
2760,5073,0.92441535
2761,5075,0.64584327
2762,5076,0.88593215
2763,13267,0.98022467
2764,13269,0.8201208
2765,5081,0.95872283
2766,13273,0.92423
2767,13275,0.92718154
2768,5084,0.7767554
2769,13279,0.6509902
2770,13280,0.96608514
2771,13282,0.42746368
2772,5092,0.7580843
2773,5093,0.5919827
2774,13286,0.9908448
2775,13287,0.4524052
2776,13288,0.8471464
2777,5097,0.9771822
2778,13289,0.7943425
2779,13291,0.9899783
2780,5100,0.54441285
2781,5109,0.95624703
2782,13301,0.98027855
2783,13302,0.95465773
2784,5112,0.9574839
2785,13304,0.98091197
2786,13307,0.90463966
2787,5116,0.9117895
2788,13310,0.74845004
2789,13312,0.837919
2790,5123,0.8409074
2791,5126,0.89732003
2792,13319,0.80609125
2793,13321,0.9404185
2794,5132,0.9814503
2795,5136,0.98617864
2796,5138,0.94255006
2797,13330,0.5472869
2798,5140,0.5606842
2799,5141,0.9918344
2800,13332,0.8820195
2801,5143,0.9291783
2802,13333,0.8603315
2803,5145,0.96851885
2804,5146,0.8517127
2805,5147,0.83377427
2806,13334,0.7591003
2807,13335,0.9506502
2808,13336,0.88680345
2809,13342,0.86105615
2810,13344,0.875762
2811,5153,0.49546272
2812,13345,0.9399186
2813,5157,0.9979723
2814,5159,0.93639296
2815,5162,0.9350093
2816,13355,0.7635374
2817,13357,0.7027772
2818,13358,0.84382486
2819,5168,0.9959651
2820,5174,0.8915711
2821,5175,0.9931878
2822,13366,0.9492498
2823,5179,0.93794304
2824,5180,0.8242374
2825,5186,0.9489985
2826,13379,0.76800823
2827,5188,0.82327807
2828,5189,0.7307226
2829,13383,0.9226035
2830,5192,0.9869184
2831,13384,0.8102173
2832,5194,0.95999324
2833,5195,0.939622
2834,13385,0.99189866
2835,5197,0.95769405
2836,13387,0.9902643
2837,13391,0.67803264
2838,5204,0.86632574
2839,5205,0.7683769
2840,5206,0.88240045
2841,13398,0.90699506
2842,5211,0.70570666
2843,13404,0.6081256
2844,13405,0.9614499
2845,13406,0.7708552
2846,13409,0.817069
2847,13411,0.8087264
2848,5220,0.7342914
2849,5222,0.72698385
2850,5223,0.9679046
2851,5224,0.98102045
2852,5226,0.87760884
2853,5227,0.94908196
2854,13419,0.72713345
2855,5229,0.67371637
2856,13425,0.94381714
2857,13426,0.910963
2858,13427,0.7766202
2859,5237,0.9718013
2860,5239,0.84224796
2861,5244,0.8427797
2862,13437,0.75463784
2863,5246,0.8445556
2864,5249,0.8483952
2865,13442,0.9835427
2866,5251,0.49195847
2867,5252,0.89001095
2868,13443,0.9176814
2869,13444,0.9429481
2870,13447,0.82352084
2871,13448,0.7093233
2872,5257,0.95108527
2873,5258,0.8721682
2874,13451,0.66953766
2875,13459,0.7712979
2876,13461,0.8863475
2877,5272,0.876561
2878,5273,0.86393476
2879,13464,0.8737204
2880,13470,0.59439754
2881,13471,0.869991
2882,13472,0.99203205
2883,13473,0.70325094
2884,5282,0.88657945
2885,13474,0.88903934
2886,13475,0.80799687
2887,13477,0.93647313
2888,5286,0.8234651
2889,13478,0.9184147
2890,5288,0.9869752
2891,13481,0.888765
2892,13482,0.81215686
2893,5291,0.95952225
2894,5292,0.7431509
2895,5294,0.7335065
2896,5295,0.9653971
2897,13487,0.8973147
2898,5297,0.9007073
2899,5298,0.8092438
2900,13489,0.94221395
2901,13490,0.7441118
2902,13496,0.69852704
2903,5307,0.8746745
2904,5308,0.9017888
2905,13499,0.65481824
2906,13501,0.80410314
2907,5311,0.67538387
2908,13509,0.93585694
2909,5318,0.7251677
2910,5319,0.91335803
2911,5320,0.9498425
2912,13512,0.9602785
2913,5322,0.9923983
2914,5323,0.98496926
2915,5324,0.8329282
2916,13515,0.90994984
2917,13517,0.7617221
2918,13521,0.9954536
2919,5330,0.9954366
2920,13522,0.9357091
2921,13524,0.59083265
2922,5333,0.5161041
2923,13527,0.9036188
2924,13530,0.76756114
2925,5339,0.6233457
2926,13531,0.88751537
2927,5341,0.6967514
2928,13533,0.8424275
2929,5347,0.60165024
2930,5350,0.9844877
2931,5351,0.99886775
2932,5353,0.8563803
2933,5354,0.83848315
2934,5355,0.7376979
2935,5356,0.6171805
2936,5357,0.8951113
2937,5367,0.73042333
2938,13560,0.6151068
2939,5369,0.969219
2940,13562,0.84097296
2941,5371,0.8916606
2942,13563,0.6996316
2943,13566,0.87721443
2944,5376,0.97425395
2945,13568,0.8757609
2946,13569,0.95824754
2947,5380,0.9130036
2948,13572,0.58797216
2949,13573,0.5876494
2950,13574,0.7367474
2951,13575,0.6487666
2952,5385,0.9496659
2953,13577,0.7162172
2954,13580,0.882962
2955,13582,0.99238116
2956,13584,0.84495836
2957,5393,0.54918396
2958,13587,0.76147586
2959,13590,0.3213001
2960,5400,0.8492837
2961,13592,0.9833371
2962,5404,0.8962636
2963,5406,0.60838616
2964,13600,0.60827285
2965,5409,0.84881556
2966,13605,0.97976047
2967,5415,0.8361403
2968,5416,0.89552736
2969,13607,0.9411665
2970,13612,0.99357706
2971,13617,0.876533
2972,5427,0.9385429
2973,5428,0.6839777
2974,5432,0.9383092
2975,13625,0.88278806
2976,5435,0.2520245
2977,13628,0.957162
2978,5437,0.8230919
2979,13630,0.9815776
2980,5444,0.9827308
2981,13637,0.7736879
2982,5446,0.7871701
2983,5447,0.95768434
2984,5448,0.74829733
2985,5449,0.74816614
2986,13638,0.7014643
2987,13643,0.61689025
2988,5453,0.7592263
2989,13645,0.98272276
2990,13647,0.94533014
2991,13648,0.9835586
2992,5457,0.8878908
2993,13653,0.9585034
2994,5462,0.88517606
2995,5464,0.88818544
2996,5465,0.90817016
2997,13657,0.82503843
2998,13662,0.8103729
2999,13665,0.9017632
3000,5479,0.984831
3001,5481,0.4956475
3002,5482,0.9366356
3003,13675,0.9646054
3004,13680,0.677454
3005,13683,0.6957644
3006,13684,0.9450232
3007,5493,0.96278
3008,5494,0.9180776
3009,13685,0.6790567
3010,13686,0.5950055
3011,13687,0.31642443
3012,5498,0.9327987
3013,5499,0.8679148
3014,13689,0.75081754
3015,13692,0.9622509
3016,5503,0.98866475
3017,13697,0.6459918
3018,5507,0.7940666
3019,5508,0.9954495
3020,13702,0.79548067
3021,5511,0.97051066
3022,5513,0.87676454
3023,5516,0.90075606
3024,5517,0.85409147
3025,13708,0.7350648
3026,13710,0.9544658
3027,5520,0.8921006
3028,5522,0.8388621
3029,13716,0.71746784
3030,5525,0.9111254
3031,5530,0.97626114
3032,13722,0.8856621
3033,5532,0.6849089
3034,13724,0.99281245
3035,5534,0.8222591
3036,13725,0.99818784
3037,13729,0.9374488
3038,13730,0.9150685
3039,13731,0.72613657
3040,13736,0.81379855
3041,5548,0.8495913
3042,5549,0.9292441
3043,5553,0.9772866
3044,13746,0.65567535
3045,5555,0.5887625
3046,13747,0.97979915
3047,5560,0.8539969
3048,5566,0.948726
3049,13760,0.9766068
3050,5570,0.9510689
3051,13762,0.9866964
3052,13765,0.89355797
3053,13766,0.86583245
3054,13767,0.8762997
3055,5576,0.9037665
3056,5577,0.8197848
3057,13770,0.98084086
3058,13771,0.79329836
3059,13774,0.86817735
3060,5588,0.9482281
3061,5595,0.64228016
3062,5596,0.751853
3063,13787,0.5958043
3064,13792,0.9749401
3065,5604,0.9345291
3066,5612,0.969329
3067,5617,0.9794679
3068,5626,0.92055017
3069,5633,0.9072623
3070,5634,0.9164325
3071,5638,0.7844197
3072,5639,0.99869764
3073,5640,0.6444727
3074,5642,0.9940936
3075,5644,0.9155694
3076,5648,0.62453246
3077,5664,0.7989141
3078,5669,0.8215218
3079,5672,0.8208185
3080,5674,0.7445826
3081,5678,0.715859
3082,5680,0.93025756
3083,5683,0.66515166
3084,5684,0.57481647
3085,5686,0.97631854
3086,5689,0.6104217
3087,5693,0.58942235
3088,5698,0.9642994
3089,5704,0.898532
3090,5714,0.94768137
3091,5717,0.81223255
3092,5720,0.79788375
3093,5724,0.748206
3094,5727,0.74596894
3095,5731,0.868524
3096,5736,0.99714357
3097,5741,0.9071643
3098,5742,0.8330843
3099,5752,0.8675211
3100,5759,0.93287295
3101,5760,0.7706957
3102,5761,0.92713374
3103,5768,0.94074225
3104,5771,0.9083705
3105,5782,0.7912487
3106,5785,0.8195114
3107,5787,0.80268836
3108,5789,0.94861126
3109,5793,0.70037854
3110,5795,0.783551
3111,5796,0.84458905
3112,5806,0.9324939
3113,5809,0.86472505
3114,5810,0.8607218
3115,5815,0.5020422
3116,5816,0.79486096
3117,5821,0.8545407
3118,5824,0.95663446
3119,5829,0.9744263
3120,5835,0.80466235
3121,5836,0.7795869
3122,5838,0.86038107
3123,5839,0.7338684
3124,5847,0.77597487
3125,5849,0.8881545
3126,5856,0.55325437
3127,5860,0.8533456
3128,5865,0.97027785
3129,5866,0.8908821
3130,5868,0.88123685
3131,5875,0.831554
3132,5885,0.65576774
3133,5893,0.7966078
3134,5897,0.8848931
3135,5898,0.81581706
3136,5911,0.8722366
3137,5912,0.80550534
3138,5913,0.9957117
3139,5915,0.9391663
3140,5920,0.9141908
3141,5929,0.7952382
3142,5940,0.89302367
3143,5945,0.71357936
3144,5948,0.9346181
3145,5954,0.7215513
3146,5961,0.9752034
3147,5966,0.78803
3148,5968,0.97972095
3149,5974,0.8829875
3150,5979,0.9648918
3151,5982,0.9004121
3152,5986,0.7310567
3153,5989,0.79471153
3154,5995,0.8236746
3155,5996,0.6087203
3156,5998,0.67268574
3157,6001,0.9090645
3158,6003,0.9570649
3159,6007,0.85336095
3160,6012,0.8868118
3161,6017,0.79518694
3162,6018,0.9273583
3163,6019,0.99479735
3164,6020,0.60489506
3165,6022,0.9227433
3166,6026,0.8121446
3167,6028,0.6568309
3168,6030,0.8960224
3169,6031,0.9964413
3170,6044,0.5673804
3171,6046,0.83663493
3172,6055,0.95715153
3173,6060,0.8684738
3174,6062,0.9949026
3175,6067,0.6075884
3176,6074,0.82639724
3177,6077,0.9436096
3178,6078,0.6940075
3179,6082,0.8754863
3180,6084,0.56492835
3181,6088,0.9810315
3182,6089,0.9938262
3183,6090,0.9865833
3184,6097,0.991657
3185,6102,0.8863019
3186,6106,0.7545025
3187,6108,0.7202068
3188,6109,0.9924601
3189,6116,0.80171204
3190,6119,0.9019745
3191,6120,0.44710067
3192,6122,0.73876196
3193,6124,0.8722248
3194,6127,0.8887074
3195,6129,0.8564488
3196,6132,0.7561033
3197,6134,0.93616873
3198,6139,0.8005573
3199,6140,0.8494376
3200,6141,0.9113912
3201,6149,0.80167
3202,6151,0.9222868
3203,6152,0.80563116
3204,6154,0.9482797
3205,6156,0.8952813
3206,6157,0.9302444
3207,6161,0.88474315
3208,6173,0.5704929
3209,6174,0.8628656
3210,6176,0.75959086
3211,6177,0.81111944
3212,6178,0.80204713
3213,6185,0.9135615
3214,6189,0.9108342
3215,6191,0.8197785
3216,6195,0.9753086
3217,6201,0.9518588
3218,6203,0.99596906
3219,6213,0.83654326
3220,6215,0.99737287
3221,6221,0.74240124
3222,6229,0.9252993
3223,6233,0.837604
3224,6238,0.65551025
3225,6241,0.60843015
3226,6246,0.9385872
3227,6248,0.95678735
3228,6250,0.5204844
3229,6257,0.952715
3230,6262,0.84241056
3231,6264,0.9821085
3232,6265,0.82303125
3233,6266,0.74640495
3234,6267,0.95120245
3235,6269,0.6686615
3236,6270,0.9880955
3237,6271,0.9514559
3238,6272,0.85301095
3239,6275,0.57612973
3240,6278,0.81341016
3241,6279,0.92960525
3242,6280,0.85980284
3243,6284,0.9563581
3244,6285,0.68610543
3245,6291,0.8394352
3246,6292,0.9743895
3247,6296,0.9831286
3248,6301,0.6764363
3249,6304,0.928183
3250,6307,0.7147846
3251,6308,0.98481834
3252,6314,0.8620113
3253,6316,0.87470764
3254,6318,0.9494649
3255,6321,0.7762276
3256,6323,0.82917136
3257,6325,0.6765171
3258,6326,0.70828336
3259,6332,0.8597888
3260,6333,0.9810712
3261,6336,0.9834319
3262,6347,0.8375061
3263,6349,0.9507
3264,6352,0.98972285
3265,6363,0.9974993
3266,6368,0.83337975
3267,6370,0.96639955
3268,6372,0.8606096
3269,6373,0.75669134
3270,6382,0.91211724
3271,6403,0.9586321
3272,6406,0.7161228
3273,6408,0.65011954
3274,6409,0.90214974
3275,6411,0.85662
3276,6412,0.84067774
3277,6414,0.8330789
3278,6421,0.8527194
3279,6430,0.53478724
3280,6431,0.95810056
3281,6434,0.83541024
3282,6436,0.70556885
3283,6445,0.76400506
3284,6448,0.82389474
3285,6456,0.99153507
3286,6459,0.9927577
3287,6462,0.90765965
3288,6468,0.8242538
3289,6470,0.73774767
3290,6474,0.8395357
3291,6485,0.86273944
3292,6486,0.9759305
3293,6489,0.8886758
3294,6493,0.6509405
3295,6498,0.71989375
3296,6500,0.8392408
3297,6501,0.87299526
3298,6506,0.8466215
3299,6509,0.759437
3300,6513,0.9661361
3301,6514,0.91324335
3302,6524,0.91629404
3303,6525,0.6813802
3304,6529,0.8708745
3305,6533,0.677032
3306,6535,0.5673856
3307,6537,0.7551869
3308,6538,0.8761322
3309,6545,0.7346078
3310,6551,0.8310318
3311,6553,0.8697403
3312,6555,0.94524056
3313,6562,0.85532916
3314,6567,0.69994
3315,6571,0.81356275
3316,6572,0.6639109
3317,6574,0.8953984
3318,6579,0.9760779
3319,6580,0.74267286
3320,6586,0.6165735
3321,6588,0.9898689
3322,6591,0.6378227
3323,6594,0.4752284
3324,6600,0.7423072
3325,6603,0.9923017
3326,6607,0.7706852
3327,6610,0.82239974
3328,6612,0.42178896
3329,6621,0.73783135
3330,6623,0.9728845
3331,6624,0.7348706
3332,6626,0.93677056
3333,6628,0.85793895
3334,6634,0.63364565
3335,6636,0.73191637
3336,6638,0.94526523
3337,6640,0.8709935
3338,6644,0.77589375
3339,6649,0.84145284
3340,6650,0.8201344
3341,6651,0.95926124
3342,6653,0.9187437
3343,6656,0.9314904
3344,6657,0.5365879
3345,6665,0.86395913
3346,6670,0.8360483
3347,6675,0.8346764
3348,6683,0.6667622
3349,6687,0.5203216
3350,6692,0.93788004
3351,6693,0.84356254
3352,6698,0.68950504
3353,6701,0.8031296
3354,6708,0.52879304
3355,6710,0.7273763
3356,6714,0.42249548
3357,6715,0.9068628
3358,6717,0.93846226
3359,6718,0.95311594
3360,6720,0.8931369
3361,6730,0.7593459
3362,6732,0.9297375
3363,6735,0.81319845
3364,6736,0.99659723
3365,6737,0.8872108
3366,6745,0.98503286
3367,6746,0.9992461
3368,6759,0.7838365
3369,6764,0.9900367
3370,6768,0.8182409
3371,6769,0.67736834
3372,6772,0.45086974
3373,6773,0.98563033
3374,6775,0.9958478
3375,6780,0.95994854
3376,6784,0.96988714
3377,6785,0.8635914
3378,6790,0.99358314
3379,6791,0.9718837
3380,6792,0.9501088
3381,6794,0.9633576
3382,6810,0.6905186
3383,6812,0.88830984
3384,6816,0.8802421
3385,6820,0.7823955
3386,6823,0.79008996
3387,6825,0.91300374
3388,6828,0.7754884
3389,6829,0.942703
3390,6830,0.9289315
3391,6831,0.64959854
3392,6832,0.83693236
3393,6834,0.76849985
3394,6836,0.8273294
3395,6839,0.95797515
3396,6843,0.8794427
3397,6846,0.6858269
3398,6847,0.80517685
3399,6851,0.86512005
3400,6854,0.72411615
3401,6855,0.99325424
3402,6857,0.9589856
3403,6861,0.8834102
3404,6867,0.47005978
3405,6869,0.87910277
3406,6870,0.8935383
3407,6872,0.9285838
3408,6877,0.85715216
3409,6878,0.85241264
3410,6885,0.89819413
3411,6887,0.89223784
3412,6889,0.8608554
3413,6890,0.962627
3414,6894,0.8397377
3415,6897,0.80256766
3416,6906,0.99029225
3417,6915,0.83029515
3418,6916,0.559923
3419,6917,0.8520217
3420,6920,0.90305334
3421,6921,0.97973025
3422,6922,0.99535096
3423,6923,0.9971096
3424,6935,0.90912044
3425,6936,0.9853135
3426,6937,0.8512356
3427,6940,0.70632374
3428,6946,0.9953312
3429,6948,0.93890005
3430,6949,0.7877313
3431,6956,0.8388703
3432,6957,0.8714466
3433,6959,0.660419
3434,6960,0.98045385
3435,6967,0.86116725
3436,6973,0.80726546
3437,6974,0.9597641
3438,6976,0.6024634
3439,6982,0.84581536
3440,6984,0.6580736
3441,6985,0.7265854
3442,6987,0.88890934
3443,6990,0.67159945
3444,6991,0.9489312
3445,6992,0.89104056
3446,6998,0.8542844
3447,7004,0.8347403
3448,7005,0.9412219
3449,7008,0.85715854
3450,7011,0.85260004
3451,7013,0.906756
3452,7015,0.7577423
3453,7016,0.85753334
3454,7021,0.92279714
3455,7026,0.7129729
3456,7027,0.96920526
3457,7030,0.9568838
3458,7033,0.7887851
3459,7035,0.6957739
3460,7039,0.6621604
3461,7044,0.93982476
3462,7046,0.96602726
3463,7047,0.7792084
3464,7048,0.846993
3465,7050,0.8785991
3466,7052,0.89787775
3467,7053,0.9257208
3468,7054,0.79612046
3469,7057,0.86733073
3470,7060,0.8482954
3471,7062,0.9514546
3472,7070,0.69461876
3473,7076,0.825649
3474,7077,0.67878133
3475,7081,0.98546576
3476,7089,0.91063607
3477,7091,0.7657808
3478,7093,0.89997476
3479,7095,0.7730079
3480,7097,0.68691766
3481,7100,0.33150193
3482,7103,0.9360733
3483,7105,0.84635943
3484,7113,0.83967376
3485,7118,0.6964788
3486,7120,0.629518
3487,7131,0.43921593
3488,7137,0.8664524
3489,7139,0.9227265
3490,7140,0.9290292
3491,7142,0.7588531
3492,7144,0.78787625
3493,7148,0.8232828
3494,7153,0.94431704
3495,7154,0.97832835
3496,7159,0.7454286
3497,7160,0.76498735
3498,7161,0.9560821
3499,7167,0.733187
3500,7168,0.9883624
3501,7169,0.91162515
3502,7183,0.9686414
3503,7189,0.8042516
3504,7191,0.5746437
3505,7195,0.87210035
3506,7196,0.6269697
3507,7197,0.8338836
3508,7198,0.9687159
3509,7201,0.88446665
3510,7202,0.97915846
3511,7217,0.88902456
3512,7220,0.58247113
3513,7223,0.9617745
3514,7230,0.72579485
3515,7235,0.7069637
3516,7236,0.9236301
3517,7237,0.7955434
3518,7248,0.45485467
3519,7249,0.81438076
3520,7253,0.72605145
3521,7255,0.83728844
3522,7256,0.7903651
3523,7257,0.53644365
3524,7264,0.91369396
3525,7266,0.81900966
3526,7275,0.9476814
3527,7284,0.59269416
3528,7287,0.8214445
3529,7289,0.90134424
3530,7290,0.94405675
3531,7292,0.9881323
3532,7293,0.6498163
3533,7296,0.7489253
3534,7298,0.90671194
3535,7305,0.7241094
3536,7308,0.9763307
3537,7311,0.8614752
3538,7312,0.787504
3539,7314,0.8850154
3540,7315,0.87361515
3541,7320,0.68143374
3542,7324,0.96136504
3543,7326,0.8342398
3544,7333,0.9202519
3545,7334,0.5486767
3546,7337,0.72348166
3547,7338,0.9727883
3548,7344,0.8574922
3549,7350,0.94307935
3550,7353,0.79092735
3551,7355,0.7715436
3552,7356,0.96636283
3553,7357,0.8269552
3554,7359,0.80752206
3555,7360,0.8111308
3556,7361,0.9387765
3557,7362,0.8800851
3558,7363,0.80977184
3559,7364,0.8893697
3560,7369,0.8366467
3561,7372,0.93233263
3562,7379,0.99319434
3563,7382,0.7985867
3564,7384,0.93768984
3565,7387,0.8891285
3566,7389,0.912055
3567,7393,0.5074545
3568,7404,0.89892507
3569,7407,0.9895495
3570,7410,0.80295265
3571,7414,0.69825935
3572,7416,0.67473453
3573,7417,0.94046044
3574,7419,0.7981286
3575,7425,0.7756408
3576,7426,0.8663328
3577,7432,0.7779666
3578,7433,0.7155656
3579,7435,0.93606967
3580,7438,0.9542102
3581,7441,0.727624
3582,7443,0.7611842
3583,7448,0.76715004
3584,7456,0.917098
3585,7457,0.93953794
3586,7458,0.9800733
3587,7459,0.6936004
3588,7460,0.9362599
3589,7464,0.9193549
3590,7466,0.9388886
3591,7467,0.89802
3592,7470,0.6196144
3593,7472,0.7689443
3594,7486,0.6843839
3595,7501,0.9099002
3596,7504,0.8610313
3597,7505,0.8352017
3598,7507,0.8186818
3599,7508,0.9193895
3600,7511,0.92964923
3601,7513,0.8357668
3602,7516,0.5364546
3603,7518,0.9621113
3604,7523,0.9453507
3605,7524,0.7466228
3606,7525,0.9082283
3607,7528,0.97615016
3608,7530,0.9279717
3609,7535,0.6567491
3610,7538,0.7549097
3611,7539,0.63240546
3612,7546,0.9004819
3613,7548,0.65160334
3614,7551,0.839438
3615,7556,0.6879845
3616,7557,0.83842975
3617,7566,0.9426028
3618,7567,0.97323066
3619,7573,0.69399786
3620,7575,0.9946596
3621,7577,0.8664246
3622,7579,0.8183164
3623,7582,0.6660576
3624,7583,0.98815536
3625,7587,0.736016
3626,7590,0.8380566
3627,7599,0.36197448
3628,7600,0.99390817
3629,7602,0.2083667
3630,7605,0.32037207
3631,7606,0.83300906
3632,7611,0.89265877
3633,7613,0.42835405
3634,7615,0.68541163
3635,7631,0.9056338
3636,7637,0.99490404
3637,7639,0.9917636
3638,7640,0.86486405
3639,7642,0.93499553
3640,7643,0.74837905
3641,7650,0.9195597
3642,7651,0.8629862
3643,7653,0.75110316
3644,7655,0.8351063
3645,7656,0.798515
3646,7659,0.9965843
3647,7661,0.9708604
3648,7666,0.96611965
3649,7667,0.6997133
3650,7671,0.865546
3651,7674,0.8094169
3652,7685,0.7282058
3653,7686,0.71744156
3654,7688,0.8856505
3655,7692,0.89849865
3656,7693,0.8413675
3657,7696,0.8237308
3658,7706,0.92704505
3659,7711,0.89792496
3660,7718,0.8922694
3661,7721,0.563251
3662,7723,0.8991459
3663,7724,0.71226
3664,7728,0.8952355
3665,7729,0.932358
3666,7731,0.93108714
3667,7732,0.94240594
3668,7738,0.7761801
3669,7745,0.8681721
3670,7751,0.9253382
3671,7758,0.8676599
3672,7760,0.9838357
3673,7761,0.92596495
3674,7763,0.8632423
3675,7766,0.85259944
3676,7767,0.78008825
3677,7774,0.3463799
3678,7779,0.8331764
3679,7780,0.70590276
3680,7784,0.79058784
3681,7785,0.67135715
3682,7791,0.82302004
3683,7795,0.9425698
3684,7796,0.9362612
3685,7797,0.16083267
3686,7804,0.95757776
3687,7806,0.7028228
3688,7811,0.6530593
3689,7816,0.7055752
3690,7820,0.80418843
3691,7821,0.803394
3692,7822,0.90520215
3693,7823,0.8130972
3694,7836,0.8367984
3695,7841,0.8836014
3696,7847,0.68587303
3697,7848,0.859813
3698,7852,0.99123526
3699,7859,0.7838088
3700,7860,0.8575553
3701,7861,0.81761444
3702,7862,0.73000544
3703,7867,0.99627256
3704,7868,0.7404411
3705,7871,0.896509
3706,7875,0.70304084
3707,7886,0.76556164
3708,7888,0.9282748
3709,7896,0.6990081
3710,7899,0.74100465
3711,7900,0.7918508
3712,7901,0.9582905
3713,7902,0.91097814
3714,7904,0.9960329
3715,7905,0.9018994
3716,7906,0.9677578
3717,7914,0.8659371
3718,7915,0.99755126
3719,7917,0.9808692
3720,7918,0.9567009
3721,7922,0.55438745
3722,7923,0.8582637
3723,7926,0.8041694
3724,7935,0.5693166
3725,7938,0.9250251
3726,7940,0.8153668
3727,7941,0.60774875
3728,7946,0.6025848
3729,7954,0.65345865
3730,7957,0.8379685
3731,7960,0.8025407
3732,7962,0.81118417
3733,7966,0.8873701
3734,7969,0.976769
3735,7972,0.75139886
3736,7973,0.6191229
3737,7975,0.98145926
3738,7982,0.726457
3739,7983,0.56847423
3740,7986,0.8328702
3741,7988,0.9855424
3742,7993,0.79269856
3743,7995,0.9783211
3744,7997,0.9238055
3745,8002,0.9106885
3746,8005,0.83394986
3747,8007,0.9966959
3748,8010,0.7668473
3749,8013,0.90364414
3750,8015,0.8231012
3751,8020,0.6229603
3752,8021,0.82336557
3753,8023,0.96255434
3754,8026,0.96911967
3755,8032,0.87218416
3756,8033,0.6276469
3757,8036,0.9879494
3758,8039,0.862504
3759,8049,0.9136431
3760,8052,0.9123874
3761,8057,0.70693064
3762,8064,0.9917041
3763,8066,0.8834559
3764,8072,0.9758597
3765,8075,0.8527159
3766,8076,0.86296374
3767,8082,0.8702818
3768,8084,0.9814648
3769,8086,0.788264
3770,8089,0.54065204
3771,8090,0.6229374
3772,8096,0.81068254
3773,8099,0.9198122
3774,8113,0.5783671
3775,8114,0.81279206
3776,8121,0.90669364
3777,8125,0.970134
3778,8126,0.8327914
3779,8130,0.95107174
3780,8133,0.73539025
3781,8134,0.8385702
3782,8139,0.90910304
3783,8144,0.8438465
3784,8145,0.7236635
3785,8148,0.6483953
3786,8153,0.98755825
3787,8163,0.7836984
3788,8165,0.6683128
3789,8166,0.8804061
3790,8168,0.8694059
3791,8170,0.68543273
3792,8172,0.57054114
3793,8173,0.8444159
3794,8175,0.96195894
3795,8176,0.89775825
3796,8178,0.75312865
3797,8181,0.8871719
3798,8183,0.8449662
